# Object Export From Tinkercad Server 2015

mtllib obj.mtl

o obj_0
v -53.844 		2 		2.0496
v -53.8222 		2 		3.0501
v -40.731 		2 		9.0674
v -53.8328 		2 		2.0427
v -53.8413 		2 		2.0479
v -53.7983 		2 		2.0228
v -53.8185 		2 		2.0343
v -53.7393 		2 		1.9912
v -53.7719 		2 		2.0084
v -53.6545 		2 		1.9491
v -53.7002 		2 		1.9714
v -53.5428 		2 		1.8978
v -53.6021 		2 		1.9245
v -53.4029 		2 		1.8385
v -53.4764 		2 		1.869
v -53.2335 		2 		1.7725
v -53.3219 		2 		1.8062
v -53.0334 		2 		1.7011
v -53.1373 		2 		1.7374
v -52.8014 		2 		1.6254
v -52.9215 		2 		1.6637
v -52.5363 		2 		1.5469
v -52.6731 		2 		1.5865
v -52.2368 		2 		1.4667
v -52.3909 		2 		1.5069
v -51.9016 		2 		1.386
v -52.0737 		2 		1.4263
v -51.5296 		2 		1.3062
v -51.7203 		2 		1.3459
v -51.1196 		2 		1.2284
v -51.3294 		2 		1.267
v -50.6702 		2 		1.1541
v -50.8998 		2 		1.1908
v -50.1802 		2 		1.0843
v -50.4303 		2 		1.1185
v -49.6485 		2 		1.0204
v -49.9196 		2 		1.0515
v -49.0737 		2 		0.9635
v -49.3665 		2 		0.991
v -48.4547 		2 		0.9151
v -48.7698 		2 		0.9382
v -47.7901 		2 		0.8763
v -48.1282 		2 		0.8944
v -47.0789 		2 		0.8484
v -47.4404 		2 		0.8609
v -46.3197 		2 		0.8326
v -46.7054 		2 		0.8389
v -45.5113 		2 		0.8302
v -45.9217 		2 		0.8296
v -44.6524 		2 		0.8424
v -45.0882 		2 		0.8344
v -43.7167 		2 		0.8645
v -44.1971 		2 		0.853
v -42.6864 		2 		0.8903
v -43.2126 		2 		0.8769
v -41.5736 		2 		0.9194
v -42.1396 		2 		0.9045
v -40.39 		2 		0.9515
v -40.9899 		2 		0.9351
v -39.1478 		2 		0.9861
v -39.7755 		2 		0.9685
v -37.8588 		2 		1.0229
v -38.5084 		2 		1.0043
v -36.5349 		2 		1.0612
v -37.2005 		2 		1.0419
v -35.1882 		2 		1.1009
v -35.8637 		2 		1.0809
v -33.8306 		2 		1.1414
v -34.51 		2 		1.1211
v -32.4739 		2 		1.1823
v -33.1514 		2 		1.1618
v -31.1303 		2 		1.2232
v -31.7997 		2 		1.2028
v -29.8115 		2 		1.2638
v -30.467 		2 		1.2436
v -28.5296 		2 		1.3034
v -29.1652 		2 		1.2837
v -27.2965 		2 		1.3419
v -27.9062 		2 		1.3228
v -26.1241 		2 		1.3786
v -26.702 		2 		1.3605
v -25.0245 		2 		1.4133
v -25.5645 		2 		1.3962
v -24.0094 		2 		1.4454
v -24.5056 		2 		1.4297
v -23.091 		2 		1.4746
v -23.5374 		2 		1.4604
v -22.281 		2 		1.5005
v -22.6717 		2 		1.488
v -21.5916 		2 		1.5226
v -21.9205 		2 		1.5121
v -21.0345 		2 		1.5406
v -21.2958 		2 		1.5322
v -20.6219 		2 		1.5539
v -20.8094 		2 		1.5478
v -20.3655 		2 		1.5622
v -20.4734 		2 		1.5587
v -20.2774 		2 		1.5651
v -20.2997 		2 		1.5643
v -13.5146 		2 		9.0984
v -12.3496 		2 		3.0973
v -39.4786 		2 		7.068
v -21.3126 		2 		8.0891
v -20.0166 		2 		8.0906
v -40.731 		-7 		9.0674
v -53.8222 		-7 		3.0501
v -53.844 		-7 		2.0496
v -53.8413 		-7 		2.0479
v -53.8328 		-7 		2.0427
v -53.8185 		-7 		2.0343
v -53.7983 		-7 		2.0228
v -53.7719 		-7 		2.0084
v -53.7393 		-7 		1.9912
v -53.7002 		-7 		1.9714
v -53.6545 		-7 		1.9491
v -53.6021 		-7 		1.9245
v -53.5428 		-7 		1.8978
v -53.4764 		-7 		1.869
v -53.4029 		-7 		1.8385
v -53.3219 		-7 		1.8062
v -53.2335 		-7 		1.7725
v -53.1373 		-7 		1.7374
v -53.0334 		-7 		1.7011
v -52.9215 		-7 		1.6637
v -52.8014 		-7 		1.6254
v -52.6731 		-7 		1.5865
v -52.5363 		-7 		1.5469
v -52.3909 		-7 		1.5069
v -52.2368 		-7 		1.4667
v -52.0737 		-7 		1.4263
v -51.9016 		-7 		1.386
v -51.7203 		-7 		1.3459
v -51.5296 		-7 		1.3062
v -51.3294 		-7 		1.267
v -51.1196 		-7 		1.2284
v -50.8998 		-7 		1.1908
v -50.6702 		-7 		1.1541
v -50.4303 		-7 		1.1185
v -50.1802 		-7 		1.0843
v -49.9196 		-7 		1.0515
v -49.6485 		-7 		1.0204
v -49.3665 		-7 		0.991
v -49.0737 		-7 		0.9635
v -48.7698 		-7 		0.9382
v -48.4547 		-7 		0.9151
v -48.1282 		-7 		0.8944
v -47.7901 		-7 		0.8763
v -47.4404 		-7 		0.8609
v -47.0789 		-7 		0.8484
v -46.7054 		-7 		0.8389
v -46.3197 		-7 		0.8326
v -45.9217 		-7 		0.8296
v -45.5113 		-7 		0.8302
v -45.0882 		-7 		0.8344
v -44.6524 		-7 		0.8424
v -44.1971 		-7 		0.853
v -43.7167 		-7 		0.8645
v -43.2126 		-7 		0.8769
v -42.6864 		-7 		0.8903
v -42.1396 		-7 		0.9045
v -41.5736 		-7 		0.9194
v -40.9899 		-7 		0.9351
v -40.39 		-7 		0.9515
v -39.7755 		-7 		0.9685
v -39.1478 		-7 		0.9861
v -38.5084 		-7 		1.0043
v -37.8588 		-7 		1.0229
v -37.2005 		-7 		1.0419
v -36.5349 		-7 		1.0612
v -35.8637 		-7 		1.0809
v -35.1882 		-7 		1.1009
v -34.51 		-7 		1.1211
v -33.8306 		-7 		1.1414
v -33.1514 		-7 		1.1618
v -32.4739 		-7 		1.1823
v -31.7997 		-7 		1.2028
v -31.1303 		-7 		1.2232
v -30.467 		-7 		1.2436
v -29.8115 		-7 		1.2638
v -29.1652 		-7 		1.2837
v -28.5296 		-7 		1.3034
v -27.9062 		-7 		1.3228
v -27.2965 		-7 		1.3419
v -26.702 		-7 		1.3605
v -26.1241 		-7 		1.3786
v -25.5645 		-7 		1.3962
v -25.0245 		-7 		1.4133
v -24.5056 		-7 		1.4297
v -24.0094 		-7 		1.4454
v -23.5374 		-7 		1.4604
v -23.091 		-7 		1.4746
v -22.6717 		-7 		1.488
v -22.281 		-7 		1.5005
v -21.9205 		-7 		1.5121
v -21.5916 		-7 		1.5226
v -21.2958 		-7 		1.5322
v -21.0345 		-7 		1.5406
v -20.8094 		-7 		1.5478
v -20.6219 		-7 		1.5539
v -20.4734 		-7 		1.5587
v -20.3655 		-7 		1.5622
v -20.2997 		-7 		1.5643
v -20.2774 		-7 		1.5651
v -12.3496 		-7 		3.0973
v -13.5146 		-7 		9.0984
v -20.0166 		-7 		8.0906
v -21.3126 		-7 		8.0891
v -39.4786 		-7 		7.068
# 208 vertices

g group_0_15277357

usemtl color_15277357
s 0

f 1 	2 	3
f 4 	5 	1
f 6 	7 	4
f 8 	9 	6
f 10 	11 	8
f 12 	13 	10
f 14 	15 	12
f 16 	17 	14
f 18 	19 	16
f 20 	21 	18
f 22 	23 	20
f 24 	25 	22
f 26 	27 	24
f 28 	29 	26
f 30 	31 	28
f 32 	33 	30
f 34 	35 	32
f 36 	37 	34
f 38 	39 	36
f 40 	41 	38
f 42 	43 	40
f 44 	45 	42
f 46 	47 	44
f 48 	49 	46
f 50 	51 	48
f 52 	53 	50
f 54 	55 	52
f 56 	57 	54
f 58 	59 	56
f 60 	61 	58
f 62 	63 	60
f 64 	65 	62
f 66 	67 	64
f 68 	69 	66
f 70 	71 	68
f 72 	73 	70
f 74 	75 	72
f 76 	77 	74
f 78 	79 	76
f 80 	81 	78
f 82 	83 	80
f 84 	85 	82
f 86 	87 	84
f 88 	89 	86
f 90 	91 	88
f 92 	93 	90
f 94 	95 	92
f 96 	97 	94
f 98 	99 	96
f 100 	101 	98
f 102 	103 	104
f 1 	3 	102
f 6 	4 	1
f 10 	8 	6
f 14 	12 	10
f 18 	16 	14
f 22 	20 	18
f 26 	24 	22
f 30 	28 	26
f 34 	32 	30
f 38 	36 	34
f 42 	40 	38
f 46 	44 	42
f 50 	48 	46
f 54 	52 	50
f 58 	56 	54
f 62 	60 	58
f 66 	64 	62
f 70 	68 	66
f 74 	72 	70
f 78 	76 	74
f 82 	80 	78
f 86 	84 	82
f 90 	88 	86
f 94 	92 	90
f 98 	96 	94
f 104 	100 	98
f 1 	102 	104
f 10 	6 	1
f 18 	14 	10
f 26 	22 	18
f 34 	30 	26
f 42 	38 	34
f 50 	46 	42
f 58 	54 	50
f 66 	62 	58
f 74 	70 	66
f 82 	78 	74
f 90 	86 	82
f 98 	94 	90
f 1 	104 	98
f 18 	10 	1
f 34 	26 	18
f 50 	42 	34
f 66 	58 	50
f 82 	74 	66
f 98 	90 	82
f 18 	1 	98
f 50 	34 	18
f 82 	66 	50
f 18 	98 	82
f 82 	50 	18
f 105 	106 	107
f 107 	108 	109
f 109 	110 	111
f 111 	112 	113
f 113 	114 	115
f 115 	116 	117
f 117 	118 	119
f 119 	120 	121
f 121 	122 	123
f 123 	124 	125
f 125 	126 	127
f 127 	128 	129
f 129 	130 	131
f 131 	132 	133
f 133 	134 	135
f 135 	136 	137
f 137 	138 	139
f 139 	140 	141
f 141 	142 	143
f 143 	144 	145
f 145 	146 	147
f 147 	148 	149
f 149 	150 	151
f 151 	152 	153
f 153 	154 	155
f 155 	156 	157
f 157 	158 	159
f 159 	160 	161
f 161 	162 	163
f 163 	164 	165
f 165 	166 	167
f 167 	168 	169
f 169 	170 	171
f 171 	172 	173
f 173 	174 	175
f 175 	176 	177
f 177 	178 	179
f 179 	180 	181
f 181 	182 	183
f 183 	184 	185
f 185 	186 	187
f 187 	188 	189
f 189 	190 	191
f 191 	192 	193
f 193 	194 	195
f 195 	196 	197
f 197 	198 	199
f 199 	200 	201
f 201 	202 	203
f 203 	204 	205
f 206 	207 	208
f 208 	105 	107
f 107 	109 	111
f 111 	113 	115
f 115 	117 	119
f 119 	121 	123
f 123 	125 	127
f 127 	129 	131
f 131 	133 	135
f 135 	137 	139
f 139 	141 	143
f 143 	145 	147
f 147 	149 	151
f 151 	153 	155
f 155 	157 	159
f 159 	161 	163
f 163 	165 	167
f 167 	169 	171
f 171 	173 	175
f 175 	177 	179
f 179 	181 	183
f 183 	185 	187
f 187 	189 	191
f 191 	193 	195
f 195 	197 	199
f 199 	201 	203
f 203 	205 	206
f 206 	208 	107
f 107 	111 	115
f 115 	119 	123
f 123 	127 	131
f 131 	135 	139
f 139 	143 	147
f 147 	151 	155
f 155 	159 	163
f 163 	167 	171
f 171 	175 	179
f 179 	183 	187
f 187 	191 	195
f 195 	199 	203
f 203 	206 	107
f 107 	115 	123
f 123 	131 	139
f 139 	147 	155
f 155 	163 	171
f 171 	179 	187
f 187 	195 	203
f 203 	107 	123
f 123 	139 	155
f 155 	171 	187
f 187 	203 	123
f 123 	155 	187
f 1 	5 	107
f 5 	108 	107
f 5 	4 	108
f 4 	109 	108
f 4 	7 	109
f 7 	110 	109
f 7 	6 	110
f 6 	111 	110
f 6 	9 	111
f 9 	112 	111
f 9 	8 	112
f 8 	113 	112
f 8 	11 	113
f 11 	114 	113
f 11 	10 	114
f 10 	115 	114
f 10 	13 	115
f 13 	116 	115
f 13 	12 	116
f 12 	117 	116
f 12 	15 	117
f 15 	118 	117
f 15 	14 	118
f 14 	119 	118
f 14 	17 	119
f 17 	120 	119
f 17 	16 	120
f 16 	121 	120
f 16 	19 	121
f 19 	122 	121
f 19 	18 	122
f 18 	123 	122
f 18 	21 	123
f 21 	124 	123
f 21 	20 	124
f 20 	125 	124
f 20 	23 	125
f 23 	126 	125
f 23 	22 	126
f 22 	127 	126
f 22 	25 	127
f 25 	128 	127
f 25 	24 	128
f 24 	129 	128
f 24 	27 	129
f 27 	130 	129
f 27 	26 	130
f 26 	131 	130
f 26 	29 	131
f 29 	132 	131
f 29 	28 	132
f 28 	133 	132
f 28 	31 	133
f 31 	134 	133
f 31 	30 	134
f 30 	135 	134
f 30 	33 	135
f 33 	136 	135
f 33 	32 	136
f 32 	137 	136
f 32 	35 	137
f 35 	138 	137
f 35 	34 	138
f 34 	139 	138
f 34 	37 	139
f 37 	140 	139
f 37 	36 	140
f 36 	141 	140
f 36 	39 	141
f 39 	142 	141
f 39 	38 	142
f 38 	143 	142
f 38 	41 	143
f 41 	144 	143
f 41 	40 	144
f 40 	145 	144
f 40 	43 	145
f 43 	146 	145
f 43 	42 	146
f 42 	147 	146
f 42 	45 	147
f 45 	148 	147
f 45 	44 	148
f 44 	149 	148
f 44 	47 	149
f 47 	150 	149
f 47 	46 	150
f 46 	151 	150
f 46 	49 	151
f 49 	152 	151
f 49 	48 	152
f 48 	153 	152
f 48 	51 	153
f 51 	154 	153
f 51 	50 	154
f 50 	155 	154
f 50 	53 	155
f 53 	156 	155
f 53 	52 	156
f 52 	157 	156
f 52 	55 	157
f 55 	158 	157
f 55 	54 	158
f 54 	159 	158
f 54 	57 	159
f 57 	160 	159
f 57 	56 	160
f 56 	161 	160
f 56 	59 	161
f 59 	162 	161
f 59 	58 	162
f 58 	163 	162
f 58 	61 	163
f 61 	164 	163
f 61 	60 	164
f 60 	165 	164
f 60 	63 	165
f 63 	166 	165
f 63 	62 	166
f 62 	167 	166
f 62 	65 	167
f 65 	168 	167
f 65 	64 	168
f 64 	169 	168
f 64 	67 	169
f 67 	170 	169
f 67 	66 	170
f 66 	171 	170
f 66 	69 	171
f 69 	172 	171
f 69 	68 	172
f 68 	173 	172
f 68 	71 	173
f 71 	174 	173
f 71 	70 	174
f 70 	175 	174
f 70 	73 	175
f 73 	176 	175
f 73 	72 	176
f 72 	177 	176
f 72 	75 	177
f 75 	178 	177
f 75 	74 	178
f 74 	179 	178
f 74 	77 	179
f 77 	180 	179
f 77 	76 	180
f 76 	181 	180
f 76 	79 	181
f 79 	182 	181
f 79 	78 	182
f 78 	183 	182
f 78 	81 	183
f 81 	184 	183
f 81 	80 	184
f 80 	185 	184
f 80 	83 	185
f 83 	186 	185
f 83 	82 	186
f 82 	187 	186
f 82 	85 	187
f 85 	188 	187
f 85 	84 	188
f 84 	189 	188
f 84 	87 	189
f 87 	190 	189
f 87 	86 	190
f 86 	191 	190
f 86 	89 	191
f 89 	192 	191
f 89 	88 	192
f 88 	193 	192
f 88 	91 	193
f 91 	194 	193
f 91 	90 	194
f 90 	195 	194
f 90 	93 	195
f 93 	196 	195
f 93 	92 	196
f 92 	197 	196
f 92 	95 	197
f 95 	198 	197
f 95 	94 	198
f 94 	199 	198
f 94 	97 	199
f 97 	200 	199
f 97 	96 	200
f 96 	201 	200
f 96 	99 	201
f 99 	202 	201
f 99 	98 	202
f 98 	203 	202
f 98 	101 	203
f 101 	204 	203
f 101 	100 	204
f 100 	205 	204
f 100 	104 	205
f 104 	206 	205
f 104 	103 	206
f 103 	207 	206
f 103 	102 	207
f 102 	208 	207
f 102 	3 	208
f 3 	105 	208
f 3 	2 	105
f 2 	106 	105
f 2 	1 	106
f 1 	107 	106
# 412 faces

 #end of obj_0

o obj_1
v -40.8414 		-2.7991 		5.4421
v -40.8374 		-2.7991 		5.445
v -39.46 		-2.7991 		5.0411
v -40.8719 		-2.7991 		5.4193
v -40.853 		-2.7991 		5.4335
v -40.9306 		-2.7991 		5.3754
v -40.8979 		-2.7991 		5.3999
v -41.0151 		-2.7991 		5.312
v -40.9698 		-2.7991 		5.3461
v -41.123 		-2.7991 		5.2308
v -41.0663 		-2.7991 		5.2736
v -41.2517 		-2.7991 		5.1335
v -41.1849 		-2.7991 		5.1841
v -41.399 		-2.7991 		5.0217
v -41.3232 		-2.7991 		5.0793
v -41.5624 		-2.7991 		4.8972
v -41.4788 		-2.7991 		4.961
v -41.7394 		-2.7991 		4.7615
v -41.6493 		-2.7991 		4.8306
v -41.9276 		-2.7991 		4.6164
v -41.8323 		-2.7991 		4.6901
v -42.1247 		-2.7991 		4.4636
v -42.0252 		-2.7991 		4.5409
v -42.3281 		-2.7991 		4.3047
v -42.2258 		-2.7991 		4.3848
v -42.5355 		-2.7991 		4.1414
v -42.4315 		-2.7991 		4.2235
v -42.7445 		-2.7991 		3.9753
v -42.64 		-2.7991 		4.0586
v -42.9525 		-2.7991 		3.8083
v -42.8488 		-2.7991 		3.8918
v -43.1573 		-2.7991 		3.6418
v -43.0555 		-2.7991 		3.7248
v -43.3563 		-2.7991 		3.4776
v -43.2576 		-2.7991 		3.5593
v -43.5471 		-2.7991 		3.3174
v -43.4529 		-2.7991 		3.3969
v -43.7274 		-2.7991 		3.1629
v -43.6387 		-2.7991 		3.2394
v -43.8947 		-2.7991 		3.0157
v -43.8128 		-2.7991 		3.0883
v -44.0465 		-2.7991 		2.8775
v -43.9727 		-2.7991 		2.9453
v -44.1805 		-2.7991 		2.7499
v -44.1159 		-2.7991 		2.8123
v -44.2942 		-2.7991 		2.6348
v -44.24 		-2.7991 		2.6907
v -44.3852 		-2.7991 		2.5336
v -44.3427 		-2.7991 		2.5823
v -44.453 		-2.7991 		2.4456
v -44.4214 		-2.7991 		2.4888
v -44.5084 		-2.7991 		2.3571
v -44.482 		-2.7991 		2.4017
v -44.5538 		-2.7991 		2.266
v -44.5323 		-2.7991 		2.3118
v -44.5899 		-2.7991 		2.1731
v -44.573 		-2.7991 		2.2198
v -44.6174 		-2.7991 		2.0788
v -44.6047 		-2.7991 		2.1261
v -44.637 		-2.7991 		1.9838
v -44.6282 		-2.7991 		2.0314
v -44.6494 		-2.7991 		1.8886
v -44.6441 		-2.7991 		1.9362
v -44.6553 		-2.7991 		1.7938
v -44.6531 		-2.7991 		1.8411
v -44.6553 		-2.7991 		1.7
v -44.656 		-2.7991 		1.7467
v -44.6502 		-2.7991 		1.6077
v -44.6534 		-2.7991 		1.6536
v -44.6406 		-2.7991 		1.5175
v -44.6459 		-2.7991 		1.5623
v -44.6272 		-2.7991 		1.4301
v -44.6344 		-2.7991 		1.4734
v -44.6108 		-2.7991 		1.3459
v -44.6194 		-2.7991 		1.3875
v -44.5919 		-2.7991 		1.2655
v -44.6016 		-2.7991 		1.3052
v -44.5713 		-2.7991 		1.1896
v -44.5818 		-2.7991 		1.227
v -44.5497 		-2.7991 		1.1187
v -44.5606 		-2.7991 		1.1535
v -44.5277 		-2.7991 		1.0534
v -44.5387 		-2.7991 		1.0853
v -44.5061 		-2.7991 		0.9942
v -44.5168 		-2.7991 		1.023
v -44.4855 		-2.7991 		0.9418
v -44.4956 		-2.7991 		0.9671
v -44.4666 		-2.7991 		0.8967
v -44.4758 		-2.7991 		0.9183
v -44.4502 		-2.7991 		0.8594
v -44.4581 		-2.7991 		0.877
v -44.4368 		-2.7991 		0.8306
v -44.4431 		-2.7991 		0.8439
v -44.4272 		-2.7991 		0.8108
v -44.4315 		-2.7991 		0.8196
v -44.4221 		-2.7991 		0.8007
v -44.424 		-2.7991 		0.8045
v -33.9669 		-2.7991 		0.7994
v -44.4214 		-2.7991 		0.7994
v -34.4627 		-2.7991 		6.0414
v -34.4601 		-2.7991 		6.0414
v -34.8407 		-2.7991 		6.0414
v -34.7883 		-2.7991 		6.0414
v -34.7392 		-2.7991 		6.0414
v -34.9547 		-2.7991 		6.0414
v -34.8962 		-2.7991 		6.0414
v -35.0796 		-2.7991 		6.0414
v -35.0158 		-2.7991 		6.0414
v -35.2144 		-2.7991 		6.0414
v -35.1459 		-2.7991 		6.0414
v -35.3576 		-2.7991 		6.0414
v -35.285 		-2.7991 		6.0414
v -35.508 		-2.7991 		6.0414
v -35.432 		-2.7991 		6.0414
v -35.6642 		-2.7991 		6.0414
v -35.5854 		-2.7991 		6.0414
v -35.825 		-2.7991 		6.0414
v -35.7441 		-2.7991 		6.0414
v -35.989 		-2.7991 		6.0414
v -35.9067 		-2.7991 		6.0414
v -36.155 		-2.7991 		6.0414
v -36.0719 		-2.7991 		6.0414
v -36.3217 		-2.7991 		6.0414
v -36.2384 		-2.7991 		6.0414
v -36.4877 		-2.7991 		6.0414
v -36.4048 		-2.7991 		6.0414
v -36.6517 		-2.7991 		6.0414
v -36.57 		-2.7991 		6.0414
v -36.8125 		-2.7991 		6.0414
v -36.7326 		-2.7991 		6.0414
v -36.9687 		-2.7991 		6.0414
v -36.8912 		-2.7991 		6.0414
v -37.1191 		-2.7991 		6.0414
v -37.0447 		-2.7991 		6.0414
v -37.2622 		-2.7991 		6.0414
v -37.1916 		-2.7991 		6.0414
v -37.397 		-2.7991 		6.0414
v -37.3307 		-2.7991 		6.0414
v -37.5232 		-2.7991 		6.0401
v -37.4607 		-2.7991 		6.0413
v -37.648 		-2.7991 		6.0301
v -37.5857 		-2.7991 		6.0363
v -37.7721 		-2.7991 		6.011
v -37.7101 		-2.7991 		6.0216
v -37.8951 		-2.7991 		5.9837
v -37.8338 		-2.7991 		5.9983
v -38.0166 		-2.7991 		5.949
v -37.9561 		-2.7991 		5.9672
v -38.1361 		-2.7991 		5.9078
v -38.0766 		-2.7991 		5.9291
v -38.2533 		-2.7991 		5.8609
v -38.195 		-2.7991 		5.885
v -38.3676 		-2.7991 		5.8093
v -38.3108 		-2.7991 		5.8357
v -38.4786 		-2.7991 		5.7538
v -38.4235 		-2.7991 		5.782
v -38.586 		-2.7991 		5.6952
v -38.5328 		-2.7991 		5.7248
v -38.6892 		-2.7991 		5.6345
v -38.6381 		-2.7991 		5.665
v -38.7879 		-2.7991 		5.5724
v -38.7392 		-2.7991 		5.6035
v -38.8816 		-2.7991 		5.5099
v -38.8354 		-2.7991 		5.5412
v -38.9698 		-2.7991 		5.4479
v -38.9264 		-2.7991 		5.4788
v -39.0523 		-2.7991 		5.3872
v -39.0118 		-2.7991 		5.4173
v -39.1284 		-2.7991 		5.3286
v -39.0911 		-2.7991 		5.3575
v -39.1977 		-2.7991 		5.2731
v -39.1639 		-2.7991 		5.3004
v -39.26 		-2.7991 		5.2214
v -39.2298 		-2.7991 		5.2467
v -39.3146 		-2.7991 		5.1746
v -39.2883 		-2.7991 		5.1974
v -39.3612 		-2.7991 		5.1334
v -39.3389 		-2.7991 		5.1532
v -39.3994 		-2.7991 		5.0987
v -39.3814 		-2.7991 		5.1152
v -39.4286 		-2.7991 		5.0714
v -39.4151 		-2.7991 		5.0841
v -39.4486 		-2.7991 		5.0523
v -39.4398 		-2.7991 		5.0608
v -39.4587 		-2.7991 		5.0424
v -39.4549 		-2.7991 		5.0462
v -34.6935 		-2.7991 		6.0414
v -34.4703 		-2.7991 		6.0414
v -34.6513 		-2.7991 		6.0414
v -34.4828 		-2.7991 		6.0414
v -34.613 		-2.7991 		6.0414
v -34.5001 		-2.7991 		6.0414
v -34.5785 		-2.7991 		6.0414
v -34.548 		-2.7991 		6.0414
v -34.5219 		-2.7991 		6.0414
v -39.46 		-21.5139 		5.0411
v -40.8374 		-21.5139 		5.445
v -40.8414 		-21.5139 		5.4421
v -40.853 		-21.5139 		5.4335
v -40.8719 		-21.5139 		5.4193
v -40.8979 		-21.5139 		5.3999
v -40.9306 		-21.5139 		5.3754
v -40.9698 		-21.5139 		5.3461
v -41.0151 		-21.5139 		5.312
v -41.0663 		-21.5139 		5.2736
v -41.123 		-21.5139 		5.2308
v -41.1849 		-21.5139 		5.1841
v -41.2517 		-21.5139 		5.1335
v -41.3232 		-21.5139 		5.0793
v -41.399 		-21.5139 		5.0217
v -41.4788 		-21.5139 		4.961
v -41.5624 		-21.5139 		4.8972
v -41.6493 		-21.5139 		4.8306
v -41.7394 		-21.5139 		4.7615
v -41.8323 		-21.5139 		4.6901
v -41.9276 		-21.5139 		4.6164
v -42.0252 		-21.5139 		4.5409
v -42.1247 		-21.5139 		4.4636
v -42.2258 		-21.5139 		4.3848
v -42.3281 		-21.5139 		4.3047
v -42.4315 		-21.5139 		4.2235
v -42.5355 		-21.5139 		4.1414
v -42.64 		-21.5139 		4.0586
v -42.7445 		-21.5139 		3.9753
v -42.8488 		-21.5139 		3.8918
v -42.9525 		-21.5139 		3.8083
v -43.0555 		-21.5139 		3.7248
v -43.1573 		-21.5139 		3.6418
v -43.2576 		-21.5139 		3.5593
v -43.3563 		-21.5139 		3.4776
v -43.4529 		-21.5139 		3.3969
v -43.5471 		-21.5139 		3.3174
v -43.6387 		-21.5139 		3.2394
v -43.7274 		-21.5139 		3.1629
v -43.8128 		-21.5139 		3.0883
v -43.8947 		-21.5139 		3.0157
v -43.9727 		-21.5139 		2.9453
v -44.0465 		-21.5139 		2.8775
v -44.1159 		-21.5139 		2.8123
v -44.1805 		-21.5139 		2.7499
v -44.24 		-21.5139 		2.6907
v -44.2942 		-21.5139 		2.6348
v -44.3427 		-21.5139 		2.5823
v -44.3852 		-21.5139 		2.5336
v -44.4214 		-21.5139 		2.4888
v -44.453 		-21.5139 		2.4456
v -44.482 		-21.5139 		2.4017
v -44.5084 		-21.5139 		2.3571
v -44.5323 		-21.5139 		2.3118
v -44.5538 		-21.5139 		2.266
v -44.573 		-21.5139 		2.2198
v -44.5899 		-21.5139 		2.1731
v -44.6047 		-21.5139 		2.1261
v -44.6174 		-21.5139 		2.0788
v -44.6282 		-21.5139 		2.0314
v -44.637 		-21.5139 		1.9838
v -44.6441 		-21.5139 		1.9362
v -44.6494 		-21.5139 		1.8886
v -44.6531 		-21.5139 		1.8411
v -44.6553 		-21.5139 		1.7938
v -44.656 		-21.5139 		1.7467
v -44.6553 		-21.5139 		1.7
v -44.6534 		-21.5139 		1.6536
v -44.6502 		-21.5139 		1.6077
v -44.6459 		-21.5139 		1.5623
v -44.6406 		-21.5139 		1.5175
v -44.6344 		-21.5139 		1.4734
v -44.6272 		-21.5139 		1.4301
v -44.6194 		-21.5139 		1.3875
v -44.6108 		-21.5139 		1.3459
v -44.6016 		-21.5139 		1.3052
v -44.5919 		-21.5139 		1.2655
v -44.5818 		-21.5139 		1.227
v -44.5713 		-21.5139 		1.1896
v -44.5606 		-21.5139 		1.1535
v -44.5497 		-21.5139 		1.1187
v -44.5387 		-21.5139 		1.0853
v -44.5277 		-21.5139 		1.0534
v -44.5168 		-21.5139 		1.023
v -44.5061 		-21.5139 		0.9942
v -44.4956 		-21.5139 		0.9671
v -44.4855 		-21.5139 		0.9418
v -44.4758 		-21.5139 		0.9183
v -44.4666 		-21.5139 		0.8967
v -44.4581 		-21.5139 		0.877
v -44.4502 		-21.5139 		0.8594
v -44.4431 		-21.5139 		0.8439
v -44.4368 		-21.5139 		0.8306
v -44.4315 		-21.5139 		0.8196
v -44.4272 		-21.5139 		0.8108
v -44.424 		-21.5139 		0.8045
v -44.4221 		-21.5139 		0.8007
v -44.4214 		-21.5139 		0.7994
v -33.9669 		-21.5139 		0.7994
v -34.4601 		-21.5139 		6.0414
v -34.4627 		-21.5139 		6.0414
v -34.7392 		-21.5139 		6.0414
v -34.7883 		-21.5139 		6.0414
v -34.8407 		-21.5139 		6.0414
v -34.8962 		-21.5139 		6.0414
v -34.9547 		-21.5139 		6.0414
v -35.0158 		-21.5139 		6.0414
v -35.0796 		-21.5139 		6.0414
v -35.1459 		-21.5139 		6.0414
v -35.2144 		-21.5139 		6.0414
v -35.285 		-21.5139 		6.0414
v -35.3576 		-21.5139 		6.0414
v -35.432 		-21.5139 		6.0414
v -35.508 		-21.5139 		6.0414
v -35.5854 		-21.5139 		6.0414
v -35.6642 		-21.5139 		6.0414
v -35.7441 		-21.5139 		6.0414
v -35.825 		-21.5139 		6.0414
v -35.9067 		-21.5139 		6.0414
v -35.989 		-21.5139 		6.0414
v -36.0719 		-21.5139 		6.0414
v -36.155 		-21.5139 		6.0414
v -36.2384 		-21.5139 		6.0414
v -36.3217 		-21.5139 		6.0414
v -36.4048 		-21.5139 		6.0414
v -36.4877 		-21.5139 		6.0414
v -36.57 		-21.5139 		6.0414
v -36.6517 		-21.5139 		6.0414
v -36.7326 		-21.5139 		6.0414
v -36.8125 		-21.5139 		6.0414
v -36.8912 		-21.5139 		6.0414
v -36.9687 		-21.5139 		6.0414
v -37.0447 		-21.5139 		6.0414
v -37.1191 		-21.5139 		6.0414
v -37.1916 		-21.5139 		6.0414
v -37.2622 		-21.5139 		6.0414
v -37.3307 		-21.5139 		6.0414
v -37.397 		-21.5139 		6.0414
v -37.4607 		-21.5139 		6.0413
v -37.5232 		-21.5139 		6.0401
v -37.5857 		-21.5139 		6.0363
v -37.648 		-21.5139 		6.0301
v -37.7101 		-21.5139 		6.0216
v -37.7721 		-21.5139 		6.011
v -37.8338 		-21.5139 		5.9983
v -37.8951 		-21.5139 		5.9837
v -37.9561 		-21.5139 		5.9672
v -38.0166 		-21.5139 		5.949
v -38.0766 		-21.5139 		5.9291
v -38.1361 		-21.5139 		5.9078
v -38.195 		-21.5139 		5.885
v -38.2533 		-21.5139 		5.8609
v -38.3108 		-21.5139 		5.8357
v -38.3676 		-21.5139 		5.8093
v -38.4235 		-21.5139 		5.782
v -38.4786 		-21.5139 		5.7538
v -38.5328 		-21.5139 		5.7248
v -38.586 		-21.5139 		5.6952
v -38.6381 		-21.5139 		5.665
v -38.6892 		-21.5139 		5.6345
v -38.7392 		-21.5139 		5.6035
v -38.7879 		-21.5139 		5.5724
v -38.8354 		-21.5139 		5.5412
v -38.8816 		-21.5139 		5.5099
v -38.9264 		-21.5139 		5.4788
v -38.9698 		-21.5139 		5.4479
v -39.0118 		-21.5139 		5.4173
v -39.0523 		-21.5139 		5.3872
v -39.0911 		-21.5139 		5.3575
v -39.1284 		-21.5139 		5.3286
v -39.1639 		-21.5139 		5.3004
v -39.1977 		-21.5139 		5.2731
v -39.2298 		-21.5139 		5.2467
v -39.26 		-21.5139 		5.2214
v -39.2883 		-21.5139 		5.1974
v -39.3146 		-21.5139 		5.1746
v -39.3389 		-21.5139 		5.1532
v -39.3612 		-21.5139 		5.1334
v -39.3814 		-21.5139 		5.1152
v -39.3994 		-21.5139 		5.0987
v -39.4151 		-21.5139 		5.0841
v -39.4286 		-21.5139 		5.0714
v -39.4398 		-21.5139 		5.0608
v -39.4486 		-21.5139 		5.0523
v -39.4549 		-21.5139 		5.0462
v -39.4587 		-21.5139 		5.0424
v -34.6935 		-21.5139 		6.0414
v -34.4703 		-21.5139 		6.0414
v -34.6513 		-21.5139 		6.0414
v -34.4828 		-21.5139 		6.0414
v -34.613 		-21.5139 		6.0414
v -34.5001 		-21.5139 		6.0414
v -34.5785 		-21.5139 		6.0414
v -34.548 		-21.5139 		6.0414
v -34.5219 		-21.5139 		6.0414
# 390 vertices

g group_1_15277357

usemtl color_15277357
s 0

f 209 	210 	211
f 212 	213 	209
f 214 	215 	212
f 216 	217 	214
f 218 	219 	216
f 220 	221 	218
f 222 	223 	220
f 224 	225 	222
f 226 	227 	224
f 228 	229 	226
f 230 	231 	228
f 232 	233 	230
f 234 	235 	232
f 236 	237 	234
f 238 	239 	236
f 240 	241 	238
f 242 	243 	240
f 244 	245 	242
f 246 	247 	244
f 248 	249 	246
f 250 	251 	248
f 252 	253 	250
f 254 	255 	252
f 256 	257 	254
f 258 	259 	256
f 260 	261 	258
f 262 	263 	260
f 264 	265 	262
f 266 	267 	264
f 268 	269 	266
f 270 	271 	268
f 272 	273 	270
f 274 	275 	272
f 276 	277 	274
f 278 	279 	276
f 280 	281 	278
f 282 	283 	280
f 284 	285 	282
f 286 	287 	284
f 288 	289 	286
f 290 	291 	288
f 292 	293 	290
f 294 	295 	292
f 296 	297 	294
f 298 	299 	296
f 300 	301 	298
f 302 	303 	300
f 304 	305 	302
f 306 	307 	304
f 308 	309 	306
f 310 	311 	312
f 313 	314 	310
f 315 	316 	313
f 317 	318 	315
f 319 	320 	317
f 321 	322 	319
f 323 	324 	321
f 325 	326 	323
f 327 	328 	325
f 329 	330 	327
f 331 	332 	329
f 333 	334 	331
f 335 	336 	333
f 337 	338 	335
f 339 	340 	337
f 341 	342 	339
f 343 	344 	341
f 345 	346 	343
f 347 	348 	345
f 349 	350 	347
f 351 	352 	349
f 353 	354 	351
f 355 	356 	353
f 357 	358 	355
f 359 	360 	357
f 361 	362 	359
f 363 	364 	361
f 365 	366 	363
f 367 	368 	365
f 369 	370 	367
f 371 	372 	369
f 373 	374 	371
f 375 	376 	373
f 377 	378 	375
f 379 	380 	377
f 381 	382 	379
f 383 	384 	381
f 385 	386 	383
f 387 	388 	385
f 389 	390 	387
f 391 	392 	389
f 393 	394 	391
f 212 	209 	211
f 216 	214 	212
f 220 	218 	216
f 224 	222 	220
f 228 	226 	224
f 232 	230 	228
f 236 	234 	232
f 240 	238 	236
f 244 	242 	240
f 248 	246 	244
f 252 	250 	248
f 256 	254 	252
f 260 	258 	256
f 264 	262 	260
f 268 	266 	264
f 272 	270 	268
f 276 	274 	272
f 280 	278 	276
f 284 	282 	280
f 288 	286 	284
f 292 	290 	288
f 296 	294 	292
f 300 	298 	296
f 304 	302 	300
f 308 	306 	304
f 310 	312 	395
f 315 	313 	310
f 319 	317 	315
f 323 	321 	319
f 327 	325 	323
f 331 	329 	327
f 335 	333 	331
f 339 	337 	335
f 343 	341 	339
f 347 	345 	343
f 351 	349 	347
f 355 	353 	351
f 359 	357 	355
f 363 	361 	359
f 367 	365 	363
f 371 	369 	367
f 375 	373 	371
f 379 	377 	375
f 383 	381 	379
f 387 	385 	383
f 391 	389 	387
f 211 	393 	391
f 216 	212 	211
f 224 	220 	216
f 232 	228 	224
f 240 	236 	232
f 248 	244 	240
f 256 	252 	248
f 264 	260 	256
f 272 	268 	264
f 280 	276 	272
f 288 	284 	280
f 296 	292 	288
f 304 	300 	296
f 396 	308 	304
f 310 	395 	397
f 319 	315 	310
f 327 	323 	319
f 335 	331 	327
f 343 	339 	335
f 351 	347 	343
f 359 	355 	351
f 367 	363 	359
f 375 	371 	367
f 383 	379 	375
f 391 	387 	383
f 224 	216 	211
f 240 	232 	224
f 256 	248 	240
f 272 	264 	256
f 288 	280 	272
f 304 	296 	288
f 398 	396 	304
f 310 	397 	399
f 327 	319 	310
f 343 	335 	327
f 359 	351 	343
f 375 	367 	359
f 391 	383 	375
f 240 	224 	211
f 272 	256 	240
f 304 	288 	272
f 400 	398 	304
f 310 	399 	401
f 343 	327 	310
f 375 	359 	343
f 211 	391 	375
f 272 	240 	211
f 400 	304 	272
f 310 	401 	402
f 375 	343 	310
f 400 	272 	211
f 310 	402 	403
f 211 	375 	310
f 403 	400 	211
f 211 	310 	403
f 404 	405 	406
f 406 	407 	408
f 408 	409 	410
f 410 	411 	412
f 412 	413 	414
f 414 	415 	416
f 416 	417 	418
f 418 	419 	420
f 420 	421 	422
f 422 	423 	424
f 424 	425 	426
f 426 	427 	428
f 428 	429 	430
f 430 	431 	432
f 432 	433 	434
f 434 	435 	436
f 436 	437 	438
f 438 	439 	440
f 440 	441 	442
f 442 	443 	444
f 444 	445 	446
f 446 	447 	448
f 448 	449 	450
f 450 	451 	452
f 452 	453 	454
f 454 	455 	456
f 456 	457 	458
f 458 	459 	460
f 460 	461 	462
f 462 	463 	464
f 464 	465 	466
f 466 	467 	468
f 468 	469 	470
f 470 	471 	472
f 472 	473 	474
f 474 	475 	476
f 476 	477 	478
f 478 	479 	480
f 480 	481 	482
f 482 	483 	484
f 484 	485 	486
f 486 	487 	488
f 488 	489 	490
f 490 	491 	492
f 492 	493 	494
f 494 	495 	496
f 496 	497 	498
f 498 	499 	500
f 500 	501 	502
f 502 	503 	504
f 505 	506 	507
f 507 	508 	509
f 509 	510 	511
f 511 	512 	513
f 513 	514 	515
f 515 	516 	517
f 517 	518 	519
f 519 	520 	521
f 521 	522 	523
f 523 	524 	525
f 525 	526 	527
f 527 	528 	529
f 529 	530 	531
f 531 	532 	533
f 533 	534 	535
f 535 	536 	537
f 537 	538 	539
f 539 	540 	541
f 541 	542 	543
f 543 	544 	545
f 545 	546 	547
f 547 	548 	549
f 549 	550 	551
f 551 	552 	553
f 553 	554 	555
f 555 	556 	557
f 557 	558 	559
f 559 	560 	561
f 561 	562 	563
f 563 	564 	565
f 565 	566 	567
f 567 	568 	569
f 569 	570 	571
f 571 	572 	573
f 573 	574 	575
f 575 	576 	577
f 577 	578 	579
f 579 	580 	581
f 581 	582 	583
f 583 	584 	585
f 585 	586 	587
f 587 	588 	589
f 404 	406 	408
f 408 	410 	412
f 412 	414 	416
f 416 	418 	420
f 420 	422 	424
f 424 	426 	428
f 428 	430 	432
f 432 	434 	436
f 436 	438 	440
f 440 	442 	444
f 444 	446 	448
f 448 	450 	452
f 452 	454 	456
f 456 	458 	460
f 460 	462 	464
f 464 	466 	468
f 468 	470 	472
f 472 	474 	476
f 476 	478 	480
f 480 	482 	484
f 484 	486 	488
f 488 	490 	492
f 492 	494 	496
f 496 	498 	500
f 500 	502 	504
f 590 	505 	507
f 507 	509 	511
f 511 	513 	515
f 515 	517 	519
f 519 	521 	523
f 523 	525 	527
f 527 	529 	531
f 531 	533 	535
f 535 	537 	539
f 539 	541 	543
f 543 	545 	547
f 547 	549 	551
f 551 	553 	555
f 555 	557 	559
f 559 	561 	563
f 563 	565 	567
f 567 	569 	571
f 571 	573 	575
f 575 	577 	579
f 579 	581 	583
f 583 	585 	587
f 587 	589 	404
f 404 	408 	412
f 412 	416 	420
f 420 	424 	428
f 428 	432 	436
f 436 	440 	444
f 444 	448 	452
f 452 	456 	460
f 460 	464 	468
f 468 	472 	476
f 476 	480 	484
f 484 	488 	492
f 492 	496 	500
f 500 	504 	591
f 592 	590 	507
f 507 	511 	515
f 515 	519 	523
f 523 	527 	531
f 531 	535 	539
f 539 	543 	547
f 547 	551 	555
f 555 	559 	563
f 563 	567 	571
f 571 	575 	579
f 579 	583 	587
f 404 	412 	420
f 420 	428 	436
f 436 	444 	452
f 452 	460 	468
f 468 	476 	484
f 484 	492 	500
f 500 	591 	593
f 594 	592 	507
f 507 	515 	523
f 523 	531 	539
f 539 	547 	555
f 555 	563 	571
f 571 	579 	587
f 404 	420 	436
f 436 	452 	468
f 468 	484 	500
f 500 	593 	595
f 596 	594 	507
f 507 	523 	539
f 539 	555 	571
f 571 	587 	404
f 404 	436 	468
f 468 	500 	595
f 597 	596 	507
f 507 	539 	571
f 404 	468 	595
f 598 	597 	507
f 507 	571 	404
f 404 	595 	598
f 598 	507 	404
f 209 	213 	406
f 213 	407 	406
f 213 	212 	407
f 212 	408 	407
f 212 	215 	408
f 215 	409 	408
f 215 	214 	409
f 214 	410 	409
f 214 	217 	410
f 217 	411 	410
f 217 	216 	411
f 216 	412 	411
f 216 	219 	412
f 219 	413 	412
f 219 	218 	413
f 218 	414 	413
f 218 	221 	414
f 221 	415 	414
f 221 	220 	415
f 220 	416 	415
f 220 	223 	416
f 223 	417 	416
f 223 	222 	417
f 222 	418 	417
f 222 	225 	418
f 225 	419 	418
f 225 	224 	419
f 224 	420 	419
f 224 	227 	420
f 227 	421 	420
f 227 	226 	421
f 226 	422 	421
f 226 	229 	422
f 229 	423 	422
f 229 	228 	423
f 228 	424 	423
f 228 	231 	424
f 231 	425 	424
f 231 	230 	425
f 230 	426 	425
f 230 	233 	426
f 233 	427 	426
f 233 	232 	427
f 232 	428 	427
f 232 	235 	428
f 235 	429 	428
f 235 	234 	429
f 234 	430 	429
f 234 	237 	430
f 237 	431 	430
f 237 	236 	431
f 236 	432 	431
f 236 	239 	432
f 239 	433 	432
f 239 	238 	433
f 238 	434 	433
f 238 	241 	434
f 241 	435 	434
f 241 	240 	435
f 240 	436 	435
f 240 	243 	436
f 243 	437 	436
f 243 	242 	437
f 242 	438 	437
f 242 	245 	438
f 245 	439 	438
f 245 	244 	439
f 244 	440 	439
f 244 	247 	440
f 247 	441 	440
f 247 	246 	441
f 246 	442 	441
f 246 	249 	442
f 249 	443 	442
f 249 	248 	443
f 248 	444 	443
f 248 	251 	444
f 251 	445 	444
f 251 	250 	445
f 250 	446 	445
f 250 	253 	446
f 253 	447 	446
f 253 	252 	447
f 252 	448 	447
f 252 	255 	448
f 255 	449 	448
f 255 	254 	449
f 254 	450 	449
f 254 	257 	450
f 257 	451 	450
f 257 	256 	451
f 256 	452 	451
f 256 	259 	452
f 259 	453 	452
f 259 	258 	453
f 258 	454 	453
f 258 	261 	454
f 261 	455 	454
f 261 	260 	455
f 260 	456 	455
f 260 	263 	456
f 263 	457 	456
f 263 	262 	457
f 262 	458 	457
f 262 	265 	458
f 265 	459 	458
f 265 	264 	459
f 264 	460 	459
f 264 	267 	460
f 267 	461 	460
f 267 	266 	461
f 266 	462 	461
f 266 	269 	462
f 269 	463 	462
f 269 	268 	463
f 268 	464 	463
f 268 	271 	464
f 271 	465 	464
f 271 	270 	465
f 270 	466 	465
f 270 	273 	466
f 273 	467 	466
f 273 	272 	467
f 272 	468 	467
f 272 	275 	468
f 275 	469 	468
f 275 	274 	469
f 274 	470 	469
f 274 	277 	470
f 277 	471 	470
f 277 	276 	471
f 276 	472 	471
f 276 	279 	472
f 279 	473 	472
f 279 	278 	473
f 278 	474 	473
f 278 	281 	474
f 281 	475 	474
f 281 	280 	475
f 280 	476 	475
f 280 	283 	476
f 283 	477 	476
f 283 	282 	477
f 282 	478 	477
f 282 	285 	478
f 285 	479 	478
f 285 	284 	479
f 284 	480 	479
f 284 	287 	480
f 287 	481 	480
f 287 	286 	481
f 286 	482 	481
f 286 	289 	482
f 289 	483 	482
f 289 	288 	483
f 288 	484 	483
f 288 	291 	484
f 291 	485 	484
f 291 	290 	485
f 290 	486 	485
f 290 	293 	486
f 293 	487 	486
f 293 	292 	487
f 292 	488 	487
f 292 	295 	488
f 295 	489 	488
f 295 	294 	489
f 294 	490 	489
f 294 	297 	490
f 297 	491 	490
f 297 	296 	491
f 296 	492 	491
f 296 	299 	492
f 299 	493 	492
f 299 	298 	493
f 298 	494 	493
f 298 	301 	494
f 301 	495 	494
f 301 	300 	495
f 300 	496 	495
f 300 	303 	496
f 303 	497 	496
f 303 	302 	497
f 302 	498 	497
f 302 	305 	498
f 305 	499 	498
f 305 	304 	499
f 304 	500 	499
f 304 	307 	500
f 307 	501 	500
f 307 	306 	501
f 306 	502 	501
f 306 	309 	502
f 309 	503 	502
f 309 	308 	503
f 308 	504 	503
f 308 	396 	504
f 396 	591 	504
f 396 	398 	591
f 398 	593 	591
f 398 	400 	593
f 400 	595 	593
f 400 	403 	595
f 403 	598 	595
f 403 	402 	598
f 402 	597 	598
f 402 	401 	597
f 401 	596 	597
f 401 	399 	596
f 399 	594 	596
f 399 	397 	594
f 397 	592 	594
f 397 	395 	592
f 395 	590 	592
f 395 	312 	590
f 312 	505 	590
f 312 	311 	505
f 311 	506 	505
f 311 	310 	506
f 310 	507 	506
f 310 	314 	507
f 314 	508 	507
f 314 	313 	508
f 313 	509 	508
f 313 	316 	509
f 316 	510 	509
f 316 	315 	510
f 315 	511 	510
f 315 	318 	511
f 318 	512 	511
f 318 	317 	512
f 317 	513 	512
f 317 	320 	513
f 320 	514 	513
f 320 	319 	514
f 319 	515 	514
f 319 	322 	515
f 322 	516 	515
f 322 	321 	516
f 321 	517 	516
f 321 	324 	517
f 324 	518 	517
f 324 	323 	518
f 323 	519 	518
f 323 	326 	519
f 326 	520 	519
f 326 	325 	520
f 325 	521 	520
f 325 	328 	521
f 328 	522 	521
f 328 	327 	522
f 327 	523 	522
f 327 	330 	523
f 330 	524 	523
f 330 	329 	524
f 329 	525 	524
f 329 	332 	525
f 332 	526 	525
f 332 	331 	526
f 331 	527 	526
f 331 	334 	527
f 334 	528 	527
f 334 	333 	528
f 333 	529 	528
f 333 	336 	529
f 336 	530 	529
f 336 	335 	530
f 335 	531 	530
f 335 	338 	531
f 338 	532 	531
f 338 	337 	532
f 337 	533 	532
f 337 	340 	533
f 340 	534 	533
f 340 	339 	534
f 339 	535 	534
f 339 	342 	535
f 342 	536 	535
f 342 	341 	536
f 341 	537 	536
f 341 	344 	537
f 344 	538 	537
f 344 	343 	538
f 343 	539 	538
f 343 	346 	539
f 346 	540 	539
f 346 	345 	540
f 345 	541 	540
f 345 	348 	541
f 348 	542 	541
f 348 	347 	542
f 347 	543 	542
f 347 	350 	543
f 350 	544 	543
f 350 	349 	544
f 349 	545 	544
f 349 	352 	545
f 352 	546 	545
f 352 	351 	546
f 351 	547 	546
f 351 	354 	547
f 354 	548 	547
f 354 	353 	548
f 353 	549 	548
f 353 	356 	549
f 356 	550 	549
f 356 	355 	550
f 355 	551 	550
f 355 	358 	551
f 358 	552 	551
f 358 	357 	552
f 357 	553 	552
f 357 	360 	553
f 360 	554 	553
f 360 	359 	554
f 359 	555 	554
f 359 	362 	555
f 362 	556 	555
f 362 	361 	556
f 361 	557 	556
f 361 	364 	557
f 364 	558 	557
f 364 	363 	558
f 363 	559 	558
f 363 	366 	559
f 366 	560 	559
f 366 	365 	560
f 365 	561 	560
f 365 	368 	561
f 368 	562 	561
f 368 	367 	562
f 367 	563 	562
f 367 	370 	563
f 370 	564 	563
f 370 	369 	564
f 369 	565 	564
f 369 	372 	565
f 372 	566 	565
f 372 	371 	566
f 371 	567 	566
f 371 	374 	567
f 374 	568 	567
f 374 	373 	568
f 373 	569 	568
f 373 	376 	569
f 376 	570 	569
f 376 	375 	570
f 375 	571 	570
f 375 	378 	571
f 378 	572 	571
f 378 	377 	572
f 377 	573 	572
f 377 	380 	573
f 380 	574 	573
f 380 	379 	574
f 379 	575 	574
f 379 	382 	575
f 382 	576 	575
f 382 	381 	576
f 381 	577 	576
f 381 	384 	577
f 384 	578 	577
f 384 	383 	578
f 383 	579 	578
f 383 	386 	579
f 386 	580 	579
f 386 	385 	580
f 385 	581 	580
f 385 	388 	581
f 388 	582 	581
f 388 	387 	582
f 387 	583 	582
f 387 	390 	583
f 390 	584 	583
f 390 	389 	584
f 389 	585 	584
f 389 	392 	585
f 392 	586 	585
f 392 	391 	586
f 391 	587 	586
f 391 	394 	587
f 394 	588 	587
f 394 	393 	588
f 393 	589 	588
f 393 	211 	589
f 211 	404 	589
f 211 	210 	404
f 210 	405 	404
f 210 	209 	405
f 209 	406 	405
# 776 faces

 #end of obj_1

o obj_2
v -21.7234 		-24.6756 		1.7598
v -21.7234 		-24.6756 		0.9288
v -21.7234 		-3.9549 		1.7598
v -21.7234 		-3.9549 		0.9288
v -36.7392 		-3.9549 		1.7598
v -36.7392 		-3.9549 		0.9288
v -36.7392 		-24.6756 		1.7598
v -36.7392 		-24.6756 		0.9288
# 8 vertices

g group_2_2829873

usemtl color_2829873
s 0

f 599 	600 	601
f 600 	602 	601
f 603 	604 	605
f 604 	606 	605
f 603 	605 	601
f 605 	599 	601
f 606 	604 	600
f 604 	602 	600
f 605 	606 	599
f 606 	600 	599
f 601 	602 	603
f 602 	604 	603
# 12 faces

 #end of obj_2

o obj_3
v -44.5159 		-21.4771 		1.2917
v -44.6605 		-21.4771 		2.2194
v -44.6588 		-21.4771 		2.2256
v -26.1357 		-21.4771 		8.3992
v -26 		-21.4771 		0.7189
v -26.0035 		-21.4771 		0.7198
v -26.1893 		-21.4771 		8.4036
v -26.1493 		-21.4771 		8.4003
v -26.345 		-21.4771 		8.416
v -26.2549 		-21.4771 		8.4089
v -26.5951 		-21.4771 		8.4351
v -26.4588 		-21.4771 		8.4248
v -26.9319 		-21.4771 		8.4597
v -26.7532 		-21.4771 		8.4468
v -27.3477 		-21.4771 		8.4885
v -27.1304 		-21.4771 		8.4737
v -27.8348 		-21.4771 		8.5203
v -27.5828 		-21.4771 		8.5041
v -28.3854 		-21.4771 		8.5538
v -28.1026 		-21.4771 		8.5369
v -28.9919 		-21.4771 		8.5878
v -28.6822 		-21.4771 		8.5708
v -29.6466 		-21.4771 		8.621
v -29.3137 		-21.4771 		8.6045
v -30.3417 		-21.4771 		8.6521
v -29.9895 		-21.4771 		8.6369
v -31.0695 		-21.4771 		8.68
v -30.702 		-21.4771 		8.6666
v -31.8225 		-21.4771 		8.7033
v -31.4434 		-21.4771 		8.6923
v -32.5927 		-21.4771 		8.7209
v -32.2059 		-21.4771 		8.7129
v -33.3726 		-21.4771 		8.7314
v -32.9819 		-21.4771 		8.7271
v -34.1544 		-21.4771 		8.7337
v -33.7638 		-21.4771 		8.7337
v -34.9305 		-21.4771 		8.7263
v -34.5437 		-21.4771 		8.7313
v -35.6931 		-21.4771 		8.7083
v -35.3139 		-21.4771 		8.7187
v -36.4345 		-21.4771 		8.6781
v -36.0669 		-21.4771 		8.6948
v -37.147 		-21.4771 		8.6347
v -36.7948 		-21.4771 		8.6581
v -37.8229 		-21.4771 		8.5767
v -37.49 		-21.4771 		8.6076
v -38.4545 		-21.4771 		8.5029
v -38.1447 		-21.4771 		8.5419
v -39.0341 		-21.4771 		8.4121
v -38.7513 		-21.4771 		8.4597
v -39.554 		-21.4771 		8.303
v -39.302 		-21.4771 		8.3599
v -40.0066 		-21.4771 		8.1743
v -39.7892 		-21.4771 		8.2412
v -40.4124 		-21.4771 		8.0167
v -40.2121 		-21.4771 		8.1001
v -40.7976 		-21.4771 		7.8238
v -40.6076 		-21.4771 		7.9244
v -41.1625 		-21.4771 		7.5995
v -40.9826 		-21.4771 		7.7154
v -41.5075 		-21.4771 		7.3475
v -41.3375 		-21.4771 		7.4768
v -41.8327 		-21.4771 		7.0715
v -41.6725 		-21.4771 		7.2123
v -42.1385 		-21.4771 		6.7753
v -41.988 		-21.4771 		6.9257
v -42.4252 		-21.4771 		6.4624
v -42.2842 		-21.4771 		6.6207
v -42.6931 		-21.4771 		6.1368
v -42.5615 		-21.4771 		6.301
v -42.9424 		-21.4771 		5.802
v -42.82 		-21.4771 		5.9703
v -43.1735 		-21.4771 		5.4619
v -43.0602 		-21.4771 		5.6324
v -43.3867 		-21.4771 		5.1201
v -43.2823 		-21.4771 		5.2909
v -43.5822 		-21.4771 		4.7803
v -43.4866 		-21.4771 		4.9497
v -43.7604 		-21.4771 		4.4463
v -43.6735 		-21.4771 		4.6124
v -43.9216 		-21.4771 		4.1219
v -43.8431 		-21.4771 		4.2827
v -44.066 		-21.4771 		3.8107
v -43.9958 		-21.4771 		3.9644
v -44.1939 		-21.4771 		3.5164
v -44.132 		-21.4771 		3.6612
v -44.3057 		-21.4771 		3.2428
v -44.2518 		-21.4771 		3.3768
v -44.4016 		-21.4771 		2.9936
v -44.3556 		-21.4771 		3.1149
v -44.4819 		-21.4771 		2.7726
v -44.4437 		-21.4771 		2.8794
v -44.547 		-21.4771 		2.5833
v -44.5164 		-21.4771 		2.6737
v -44.5971 		-21.4771 		2.4297
v -44.5739 		-21.4771 		2.5018
v -44.6325 		-21.4771 		2.3153
v -44.6166 		-21.4771 		2.3674
v -44.6536 		-21.4771 		2.244
v -44.6448 		-21.4771 		2.2741
v -26.0139 		-21.4771 		0.7224
v -26.0311 		-21.4771 		0.7266
v -26.0549 		-21.4771 		0.7324
v -26.0854 		-21.4771 		0.7398
v -26.1223 		-21.4771 		0.7485
v -44.5041 		-21.4771 		1.2921
v -26.1655 		-21.4771 		0.7587
v -26.215 		-21.4771 		0.7701
v -44.4694 		-21.4771 		1.2933
v -26.2706 		-21.4771 		0.7828
v -44.4126 		-21.4771 		1.2952
v -26.3322 		-21.4771 		0.7966
v -44.3344 		-21.4771 		1.2979
v -26.3998 		-21.4771 		0.8116
v -44.2357 		-21.4771 		1.3012
v -26.4731 		-21.4771 		0.8275
v -44.1173 		-21.4771 		1.3052
v -26.5521 		-21.4771 		0.8445
v -43.9799 		-21.4771 		1.3098
v -26.6367 		-21.4771 		0.8623
v -43.8245 		-21.4771 		1.3149
v -26.7268 		-21.4771 		0.8809
v -43.6517 		-21.4771 		1.3205
v -26.8222 		-21.4771 		0.9003
v -43.4625 		-21.4771 		1.3265
v -26.9229 		-21.4771 		0.9204
v -43.2576 		-21.4771 		1.3331
v -27.0287 		-21.4771 		0.9411
v -43.0378 		-21.4771 		1.3399
v -27.1395 		-21.4771 		0.9623
v -42.804 		-21.4771 		1.3472
v -27.2552 		-21.4771 		0.984
v -42.5569 		-21.4771 		1.3547
v -27.3758 		-21.4771 		1.0061
v -42.2973 		-21.4771 		1.3626
v -27.501 		-21.4771 		1.0286
v -42.0261 		-21.4771 		1.3706
v -27.6308 		-21.4771 		1.0513
v -41.7441 		-21.4771 		1.3789
v -27.7651 		-21.4771 		1.0743
v -41.4521 		-21.4771 		1.3872
v -27.9037 		-21.4771 		1.0974
v -41.1509 		-21.4771 		1.3957
v -28.0466 		-21.4771 		1.1205
v -40.8412 		-21.4771 		1.4043
v -28.1937 		-21.4771 		1.1436
v -40.524 		-21.4771 		1.4129
v -28.3447 		-21.4771 		1.1667
v -40.2 		-21.4771 		1.4214
v -28.4997 		-21.4771 		1.1896
v -39.87 		-21.4771 		1.4299
v -28.6585 		-21.4771 		1.2124
v -39.5348 		-21.4771 		1.4384
v -28.821 		-21.4771 		1.2348
v -39.1953 		-21.4771 		1.4467
v -28.9871 		-21.4771 		1.2569
v -38.8522 		-21.4771 		1.4548
v -29.1566 		-21.4771 		1.2786
v -38.5064 		-21.4771 		1.4627
v -29.3295 		-21.4771 		1.2998
v -38.1586 		-21.4771 		1.4703
v -29.5057 		-21.4771 		1.3204
v -37.8098 		-21.4771 		1.4776
v -29.685 		-21.4771 		1.3405
v -37.4606 		-21.4771 		1.4846
v -29.8674 		-21.4771 		1.3598
v -37.1118 		-21.4771 		1.4913
v -30.0527 		-21.4771 		1.3784
v -36.7644 		-21.4771 		1.4975
v -30.2407 		-21.4771 		1.3961
v -36.4191 		-21.4771 		1.5032
v -30.4315 		-21.4771 		1.413
v -36.0767 		-21.4771 		1.5085
v -30.6249 		-21.4771 		1.4289
v -35.7381 		-21.4771 		1.5132
v -30.8208 		-21.4771 		1.4437
v -35.4039 		-21.4771 		1.5174
v -31.019 		-21.4771 		1.4575
v -35.0751 		-21.4771 		1.5209
v -31.2195 		-21.4771 		1.4701
v -34.7525 		-21.4771 		1.5238
v -31.4222 		-21.4771 		1.4814
v -34.4368 		-21.4771 		1.5259
v -31.6269 		-21.4771 		1.4915
v -34.1288 		-21.4771 		1.5274
v -31.8335 		-21.4771 		1.5001
v -33.8295 		-21.4771 		1.528
v -32.042 		-21.4771 		1.5074
v -33.5395 		-21.4771 		1.5278
v -32.2587 		-21.4771 		1.5133
v -33.2597 		-21.4771 		1.5268
v -32.4896 		-21.4771 		1.5182
v -32.9909 		-21.4771 		1.5249
v -32.734 		-21.4771 		1.522
v -44.6588 		-27.1332 		2.2256
v -44.6605 		-27.1332 		2.2194
v -44.5159 		-27.1332 		1.2917
v -26.0035 		-27.1332 		0.7198
v -26 		-27.1332 		0.7189
v -26.1357 		-27.1332 		8.3992
v -26.1493 		-27.1332 		8.4003
v -26.1893 		-27.1332 		8.4036
v -26.2549 		-27.1332 		8.4089
v -26.345 		-27.1332 		8.416
v -26.4588 		-27.1332 		8.4248
v -26.5951 		-27.1332 		8.4351
v -26.7532 		-27.1332 		8.4468
v -26.9319 		-27.1332 		8.4597
v -27.1304 		-27.1332 		8.4737
v -27.3477 		-27.1332 		8.4885
v -27.5828 		-27.1332 		8.5041
v -27.8348 		-27.1332 		8.5203
v -28.1026 		-27.1332 		8.5369
v -28.3854 		-27.1332 		8.5538
v -28.6822 		-27.1332 		8.5708
v -28.9919 		-27.1332 		8.5878
v -29.3137 		-27.1332 		8.6045
v -29.6466 		-27.1332 		8.621
v -29.9895 		-27.1332 		8.6369
v -30.3417 		-27.1332 		8.6521
v -30.702 		-27.1332 		8.6666
v -31.0695 		-27.1332 		8.68
v -31.4434 		-27.1332 		8.6923
v -31.8225 		-27.1332 		8.7033
v -32.2059 		-27.1332 		8.7129
v -32.5927 		-27.1332 		8.7209
v -32.9819 		-27.1332 		8.7271
v -33.3726 		-27.1332 		8.7314
v -33.7638 		-27.1332 		8.7337
v -34.1544 		-27.1332 		8.7337
v -34.5437 		-27.1332 		8.7313
v -34.9305 		-27.1332 		8.7263
v -35.3139 		-27.1332 		8.7187
v -35.6931 		-27.1332 		8.7083
v -36.0669 		-27.1332 		8.6948
v -36.4345 		-27.1332 		8.6781
v -36.7948 		-27.1332 		8.6581
v -37.147 		-27.1332 		8.6347
v -37.49 		-27.1332 		8.6076
v -37.8229 		-27.1332 		8.5767
v -38.1447 		-27.1332 		8.5419
v -38.4545 		-27.1332 		8.5029
v -38.7513 		-27.1332 		8.4597
v -39.0341 		-27.1332 		8.4121
v -39.302 		-27.1332 		8.3599
v -39.554 		-27.1332 		8.303
v -39.7892 		-27.1332 		8.2412
v -40.0066 		-27.1332 		8.1743
v -40.2121 		-27.1332 		8.1001
v -40.4124 		-27.1332 		8.0167
v -40.6076 		-27.1332 		7.9244
v -40.7976 		-27.1332 		7.8238
v -40.9826 		-27.1332 		7.7154
v -41.1625 		-27.1332 		7.5995
v -41.3375 		-27.1332 		7.4768
v -41.5075 		-27.1332 		7.3475
v -41.6725 		-27.1332 		7.2123
v -41.8327 		-27.1332 		7.0715
v -41.988 		-27.1332 		6.9257
v -42.1385 		-27.1332 		6.7753
v -42.2842 		-27.1332 		6.6207
v -42.4252 		-27.1332 		6.4624
v -42.5615 		-27.1332 		6.301
v -42.6931 		-27.1332 		6.1368
v -42.82 		-27.1332 		5.9703
v -42.9424 		-27.1332 		5.802
v -43.0602 		-27.1332 		5.6324
v -43.1735 		-27.1332 		5.4619
v -43.2823 		-27.1332 		5.2909
v -43.3867 		-27.1332 		5.1201
v -43.4866 		-27.1332 		4.9497
v -43.5822 		-27.1332 		4.7803
v -43.6735 		-27.1332 		4.6124
v -43.7604 		-27.1332 		4.4463
v -43.8431 		-27.1332 		4.2827
v -43.9216 		-27.1332 		4.1219
v -43.9958 		-27.1332 		3.9644
v -44.066 		-27.1332 		3.8107
v -44.132 		-27.1332 		3.6612
v -44.1939 		-27.1332 		3.5164
v -44.2518 		-27.1332 		3.3768
v -44.3057 		-27.1332 		3.2428
v -44.3556 		-27.1332 		3.1149
v -44.4016 		-27.1332 		2.9936
v -44.4437 		-27.1332 		2.8794
v -44.4819 		-27.1332 		2.7726
v -44.5164 		-27.1332 		2.6737
v -44.547 		-27.1332 		2.5833
v -44.5739 		-27.1332 		2.5018
v -44.5971 		-27.1332 		2.4297
v -44.6166 		-27.1332 		2.3674
v -44.6325 		-27.1332 		2.3153
v -44.6448 		-27.1332 		2.2741
v -44.6536 		-27.1332 		2.244
v -26.0139 		-27.1332 		0.7224
v -26.0311 		-27.1332 		0.7266
v -26.0549 		-27.1332 		0.7324
v -26.0854 		-27.1332 		0.7398
v -26.1223 		-27.1332 		0.7485
v -44.5041 		-27.1332 		1.2921
v -26.1655 		-27.1332 		0.7587
v -26.215 		-27.1332 		0.7701
v -44.4694 		-27.1332 		1.2933
v -26.2706 		-27.1332 		0.7828
v -44.4126 		-27.1332 		1.2952
v -26.3322 		-27.1332 		0.7966
v -44.3344 		-27.1332 		1.2979
v -26.3998 		-27.1332 		0.8116
v -44.2357 		-27.1332 		1.3012
v -26.4731 		-27.1332 		0.8275
v -44.1173 		-27.1332 		1.3052
v -26.5521 		-27.1332 		0.8445
v -43.9799 		-27.1332 		1.3098
v -26.6367 		-27.1332 		0.8623
v -43.8245 		-27.1332 		1.3149
v -26.7268 		-27.1332 		0.8809
v -43.6517 		-27.1332 		1.3205
v -26.8222 		-27.1332 		0.9003
v -43.4625 		-27.1332 		1.3265
v -26.9229 		-27.1332 		0.9204
v -43.2576 		-27.1332 		1.3331
v -27.0287 		-27.1332 		0.9411
v -43.0378 		-27.1332 		1.3399
v -27.1395 		-27.1332 		0.9623
v -42.804 		-27.1332 		1.3472
v -27.2552 		-27.1332 		0.984
v -42.5569 		-27.1332 		1.3547
v -27.3758 		-27.1332 		1.0061
v -42.2973 		-27.1332 		1.3626
v -27.501 		-27.1332 		1.0286
v -42.0261 		-27.1332 		1.3706
v -27.6308 		-27.1332 		1.0513
v -41.7441 		-27.1332 		1.3789
v -27.7651 		-27.1332 		1.0743
v -41.4521 		-27.1332 		1.3872
v -27.9037 		-27.1332 		1.0974
v -41.1509 		-27.1332 		1.3957
v -28.0466 		-27.1332 		1.1205
v -40.8412 		-27.1332 		1.4043
v -28.1937 		-27.1332 		1.1436
v -40.524 		-27.1332 		1.4129
v -28.3447 		-27.1332 		1.1667
v -40.2 		-27.1332 		1.4214
v -28.4997 		-27.1332 		1.1896
v -39.87 		-27.1332 		1.4299
v -28.6585 		-27.1332 		1.2124
v -39.5348 		-27.1332 		1.4384
v -28.821 		-27.1332 		1.2348
v -39.1953 		-27.1332 		1.4467
v -28.9871 		-27.1332 		1.2569
v -38.8522 		-27.1332 		1.4548
v -29.1566 		-27.1332 		1.2786
v -38.5064 		-27.1332 		1.4627
v -29.3295 		-27.1332 		1.2998
v -38.1586 		-27.1332 		1.4703
v -29.5057 		-27.1332 		1.3204
v -37.8098 		-27.1332 		1.4776
v -29.685 		-27.1332 		1.3405
v -37.4606 		-27.1332 		1.4846
v -29.8674 		-27.1332 		1.3598
v -37.1118 		-27.1332 		1.4913
v -30.0527 		-27.1332 		1.3784
v -36.7644 		-27.1332 		1.4975
v -30.2407 		-27.1332 		1.3961
v -36.4191 		-27.1332 		1.5032
v -30.4315 		-27.1332 		1.413
v -36.0767 		-27.1332 		1.5085
v -30.6249 		-27.1332 		1.4289
v -35.7381 		-27.1332 		1.5132
v -30.8208 		-27.1332 		1.4437
v -35.4039 		-27.1332 		1.5174
v -31.019 		-27.1332 		1.4575
v -35.0751 		-27.1332 		1.5209
v -31.2195 		-27.1332 		1.4701
v -34.7525 		-27.1332 		1.5238
v -31.4222 		-27.1332 		1.4814
v -34.4368 		-27.1332 		1.5259
v -31.6269 		-27.1332 		1.4915
v -34.1288 		-27.1332 		1.5274
v -31.8335 		-27.1332 		1.5001
v -33.8295 		-27.1332 		1.528
v -32.042 		-27.1332 		1.5074
v -33.5395 		-27.1332 		1.5278
v -32.2587 		-27.1332 		1.5133
v -33.2597 		-27.1332 		1.5268
v -32.4896 		-27.1332 		1.5182
v -32.9909 		-27.1332 		1.5249
v -32.734 		-27.1332 		1.522
# 388 vertices

g group_3_15277357

usemtl color_15277357
s 0

f 607 	608 	609
f 610 	611 	612
f 613 	614 	610
f 615 	616 	613
f 617 	618 	615
f 619 	620 	617
f 621 	622 	619
f 623 	624 	621
f 625 	626 	623
f 627 	628 	625
f 629 	630 	627
f 631 	632 	629
f 633 	634 	631
f 635 	636 	633
f 637 	638 	635
f 639 	640 	637
f 641 	642 	639
f 643 	644 	641
f 645 	646 	643
f 647 	648 	645
f 649 	650 	647
f 651 	652 	649
f 653 	654 	651
f 655 	656 	653
f 657 	658 	655
f 659 	660 	657
f 661 	662 	659
f 663 	664 	661
f 665 	666 	663
f 667 	668 	665
f 669 	670 	667
f 671 	672 	669
f 673 	674 	671
f 675 	676 	673
f 677 	678 	675
f 679 	680 	677
f 681 	682 	679
f 683 	684 	681
f 685 	686 	683
f 687 	688 	685
f 689 	690 	687
f 691 	692 	689
f 693 	694 	691
f 695 	696 	693
f 697 	698 	695
f 699 	700 	697
f 701 	702 	699
f 703 	704 	701
f 705 	706 	703
f 607 	609 	705
f 610 	612 	707
f 615 	613 	610
f 619 	617 	615
f 623 	621 	619
f 627 	625 	623
f 631 	629 	627
f 635 	633 	631
f 639 	637 	635
f 643 	641 	639
f 647 	645 	643
f 651 	649 	647
f 655 	653 	651
f 659 	657 	655
f 663 	661 	659
f 667 	665 	663
f 671 	669 	667
f 675 	673 	671
f 679 	677 	675
f 683 	681 	679
f 687 	685 	683
f 691 	689 	687
f 695 	693 	691
f 699 	697 	695
f 703 	701 	699
f 607 	705 	703
f 610 	707 	708
f 619 	615 	610
f 627 	623 	619
f 635 	631 	627
f 643 	639 	635
f 651 	647 	643
f 659 	655 	651
f 667 	663 	659
f 675 	671 	667
f 683 	679 	675
f 691 	687 	683
f 699 	695 	691
f 607 	703 	699
f 610 	708 	709
f 627 	619 	610
f 643 	635 	627
f 659 	651 	643
f 675 	667 	659
f 691 	683 	675
f 607 	699 	691
f 610 	709 	710
f 643 	627 	610
f 675 	659 	643
f 607 	691 	675
f 610 	710 	711
f 675 	643 	610
f 712 	607 	675
f 610 	711 	713
f 712 	675 	610
f 610 	713 	714
f 715 	712 	610
f 610 	714 	716
f 717 	715 	610
f 610 	716 	718
f 719 	717 	610
f 610 	718 	720
f 721 	719 	610
f 610 	720 	722
f 723 	721 	610
f 610 	722 	724
f 725 	723 	610
f 610 	724 	726
f 727 	725 	610
f 610 	726 	728
f 729 	727 	610
f 610 	728 	730
f 731 	729 	610
f 610 	730 	732
f 733 	731 	610
f 610 	732 	734
f 735 	733 	610
f 610 	734 	736
f 737 	735 	610
f 610 	736 	738
f 739 	737 	610
f 610 	738 	740
f 741 	739 	610
f 610 	740 	742
f 743 	741 	610
f 610 	742 	744
f 745 	743 	610
f 610 	744 	746
f 747 	745 	610
f 610 	746 	748
f 749 	747 	610
f 610 	748 	750
f 751 	749 	610
f 610 	750 	752
f 753 	751 	610
f 610 	752 	754
f 755 	753 	610
f 610 	754 	756
f 757 	755 	610
f 610 	756 	758
f 759 	757 	610
f 610 	758 	760
f 761 	759 	610
f 610 	760 	762
f 763 	761 	610
f 610 	762 	764
f 765 	763 	610
f 610 	764 	766
f 767 	765 	610
f 610 	766 	768
f 769 	767 	610
f 610 	768 	770
f 771 	769 	610
f 610 	770 	772
f 773 	771 	610
f 610 	772 	774
f 775 	773 	610
f 610 	774 	776
f 777 	775 	610
f 610 	776 	778
f 779 	777 	610
f 610 	778 	780
f 781 	779 	610
f 610 	780 	782
f 783 	781 	610
f 610 	782 	784
f 785 	783 	610
f 610 	784 	786
f 787 	785 	610
f 610 	786 	788
f 789 	787 	610
f 610 	788 	790
f 791 	789 	610
f 610 	790 	792
f 793 	791 	610
f 610 	792 	794
f 795 	793 	610
f 610 	794 	796
f 797 	795 	610
f 610 	796 	798
f 799 	797 	610
f 610 	798 	800
f 800 	799 	610
f 801 	802 	803
f 804 	805 	806
f 806 	807 	808
f 808 	809 	810
f 810 	811 	812
f 812 	813 	814
f 814 	815 	816
f 816 	817 	818
f 818 	819 	820
f 820 	821 	822
f 822 	823 	824
f 824 	825 	826
f 826 	827 	828
f 828 	829 	830
f 830 	831 	832
f 832 	833 	834
f 834 	835 	836
f 836 	837 	838
f 838 	839 	840
f 840 	841 	842
f 842 	843 	844
f 844 	845 	846
f 846 	847 	848
f 848 	849 	850
f 850 	851 	852
f 852 	853 	854
f 854 	855 	856
f 856 	857 	858
f 858 	859 	860
f 860 	861 	862
f 862 	863 	864
f 864 	865 	866
f 866 	867 	868
f 868 	869 	870
f 870 	871 	872
f 872 	873 	874
f 874 	875 	876
f 876 	877 	878
f 878 	879 	880
f 880 	881 	882
f 882 	883 	884
f 884 	885 	886
f 886 	887 	888
f 888 	889 	890
f 890 	891 	892
f 892 	893 	894
f 894 	895 	896
f 896 	897 	898
f 898 	899 	900
f 900 	801 	803
f 901 	804 	806
f 806 	808 	810
f 810 	812 	814
f 814 	816 	818
f 818 	820 	822
f 822 	824 	826
f 826 	828 	830
f 830 	832 	834
f 834 	836 	838
f 838 	840 	842
f 842 	844 	846
f 846 	848 	850
f 850 	852 	854
f 854 	856 	858
f 858 	860 	862
f 862 	864 	866
f 866 	868 	870
f 870 	872 	874
f 874 	876 	878
f 878 	880 	882
f 882 	884 	886
f 886 	888 	890
f 890 	892 	894
f 894 	896 	898
f 898 	900 	803
f 902 	901 	806
f 806 	810 	814
f 814 	818 	822
f 822 	826 	830
f 830 	834 	838
f 838 	842 	846
f 846 	850 	854
f 854 	858 	862
f 862 	866 	870
f 870 	874 	878
f 878 	882 	886
f 886 	890 	894
f 894 	898 	803
f 903 	902 	806
f 806 	814 	822
f 822 	830 	838
f 838 	846 	854
f 854 	862 	870
f 870 	878 	886
f 886 	894 	803
f 904 	903 	806
f 806 	822 	838
f 838 	854 	870
f 870 	886 	803
f 905 	904 	806
f 806 	838 	870
f 870 	803 	906
f 907 	905 	806
f 806 	870 	906
f 908 	907 	806
f 806 	906 	909
f 910 	908 	806
f 806 	909 	911
f 912 	910 	806
f 806 	911 	913
f 914 	912 	806
f 806 	913 	915
f 916 	914 	806
f 806 	915 	917
f 918 	916 	806
f 806 	917 	919
f 920 	918 	806
f 806 	919 	921
f 922 	920 	806
f 806 	921 	923
f 924 	922 	806
f 806 	923 	925
f 926 	924 	806
f 806 	925 	927
f 928 	926 	806
f 806 	927 	929
f 930 	928 	806
f 806 	929 	931
f 932 	930 	806
f 806 	931 	933
f 934 	932 	806
f 806 	933 	935
f 936 	934 	806
f 806 	935 	937
f 938 	936 	806
f 806 	937 	939
f 940 	938 	806
f 806 	939 	941
f 942 	940 	806
f 806 	941 	943
f 944 	942 	806
f 806 	943 	945
f 946 	944 	806
f 806 	945 	947
f 948 	946 	806
f 806 	947 	949
f 950 	948 	806
f 806 	949 	951
f 952 	950 	806
f 806 	951 	953
f 954 	952 	806
f 806 	953 	955
f 956 	954 	806
f 806 	955 	957
f 958 	956 	806
f 806 	957 	959
f 960 	958 	806
f 806 	959 	961
f 962 	960 	806
f 806 	961 	963
f 964 	962 	806
f 806 	963 	965
f 966 	964 	806
f 806 	965 	967
f 968 	966 	806
f 806 	967 	969
f 970 	968 	806
f 806 	969 	971
f 972 	970 	806
f 806 	971 	973
f 974 	972 	806
f 806 	973 	975
f 976 	974 	806
f 806 	975 	977
f 978 	976 	806
f 806 	977 	979
f 980 	978 	806
f 806 	979 	981
f 982 	980 	806
f 806 	981 	983
f 984 	982 	806
f 806 	983 	985
f 986 	984 	806
f 806 	985 	987
f 988 	986 	806
f 806 	987 	989
f 990 	988 	806
f 806 	989 	991
f 992 	990 	806
f 806 	991 	993
f 994 	992 	806
f 806 	993 	994
f 607 	712 	803
f 712 	906 	803
f 712 	715 	906
f 715 	909 	906
f 715 	717 	909
f 717 	911 	909
f 717 	719 	911
f 719 	913 	911
f 719 	721 	913
f 721 	915 	913
f 721 	723 	915
f 723 	917 	915
f 723 	725 	917
f 725 	919 	917
f 725 	727 	919
f 727 	921 	919
f 727 	729 	921
f 729 	923 	921
f 729 	731 	923
f 731 	925 	923
f 731 	733 	925
f 733 	927 	925
f 733 	735 	927
f 735 	929 	927
f 735 	737 	929
f 737 	931 	929
f 737 	739 	931
f 739 	933 	931
f 739 	741 	933
f 741 	935 	933
f 741 	743 	935
f 743 	937 	935
f 743 	745 	937
f 745 	939 	937
f 745 	747 	939
f 747 	941 	939
f 747 	749 	941
f 749 	943 	941
f 749 	751 	943
f 751 	945 	943
f 751 	753 	945
f 753 	947 	945
f 753 	755 	947
f 755 	949 	947
f 755 	757 	949
f 757 	951 	949
f 757 	759 	951
f 759 	953 	951
f 759 	761 	953
f 761 	955 	953
f 761 	763 	955
f 763 	957 	955
f 763 	765 	957
f 765 	959 	957
f 765 	767 	959
f 767 	961 	959
f 767 	769 	961
f 769 	963 	961
f 769 	771 	963
f 771 	965 	963
f 771 	773 	965
f 773 	967 	965
f 773 	775 	967
f 775 	969 	967
f 775 	777 	969
f 777 	971 	969
f 777 	779 	971
f 779 	973 	971
f 779 	781 	973
f 781 	975 	973
f 781 	783 	975
f 783 	977 	975
f 783 	785 	977
f 785 	979 	977
f 785 	787 	979
f 787 	981 	979
f 787 	789 	981
f 789 	983 	981
f 789 	791 	983
f 791 	985 	983
f 791 	793 	985
f 793 	987 	985
f 793 	795 	987
f 795 	989 	987
f 795 	797 	989
f 797 	991 	989
f 797 	799 	991
f 799 	993 	991
f 799 	800 	993
f 800 	994 	993
f 800 	798 	994
f 798 	992 	994
f 798 	796 	992
f 796 	990 	992
f 796 	794 	990
f 794 	988 	990
f 794 	792 	988
f 792 	986 	988
f 792 	790 	986
f 790 	984 	986
f 790 	788 	984
f 788 	982 	984
f 788 	786 	982
f 786 	980 	982
f 786 	784 	980
f 784 	978 	980
f 784 	782 	978
f 782 	976 	978
f 782 	780 	976
f 780 	974 	976
f 780 	778 	974
f 778 	972 	974
f 778 	776 	972
f 776 	970 	972
f 776 	774 	970
f 774 	968 	970
f 774 	772 	968
f 772 	966 	968
f 772 	770 	966
f 770 	964 	966
f 770 	768 	964
f 768 	962 	964
f 768 	766 	962
f 766 	960 	962
f 766 	764 	960
f 764 	958 	960
f 764 	762 	958
f 762 	956 	958
f 762 	760 	956
f 760 	954 	956
f 760 	758 	954
f 758 	952 	954
f 758 	756 	952
f 756 	950 	952
f 756 	754 	950
f 754 	948 	950
f 754 	752 	948
f 752 	946 	948
f 752 	750 	946
f 750 	944 	946
f 750 	748 	944
f 748 	942 	944
f 748 	746 	942
f 746 	940 	942
f 746 	744 	940
f 744 	938 	940
f 744 	742 	938
f 742 	936 	938
f 742 	740 	936
f 740 	934 	936
f 740 	738 	934
f 738 	932 	934
f 738 	736 	932
f 736 	930 	932
f 736 	734 	930
f 734 	928 	930
f 734 	732 	928
f 732 	926 	928
f 732 	730 	926
f 730 	924 	926
f 730 	728 	924
f 728 	922 	924
f 728 	726 	922
f 726 	920 	922
f 726 	724 	920
f 724 	918 	920
f 724 	722 	918
f 722 	916 	918
f 722 	720 	916
f 720 	914 	916
f 720 	718 	914
f 718 	912 	914
f 718 	716 	912
f 716 	910 	912
f 716 	714 	910
f 714 	908 	910
f 714 	713 	908
f 713 	907 	908
f 713 	711 	907
f 711 	905 	907
f 711 	710 	905
f 710 	904 	905
f 710 	709 	904
f 709 	903 	904
f 709 	708 	903
f 708 	902 	903
f 708 	707 	902
f 707 	901 	902
f 707 	612 	901
f 612 	804 	901
f 612 	611 	804
f 611 	805 	804
f 611 	610 	805
f 610 	806 	805
f 610 	614 	806
f 614 	807 	806
f 614 	613 	807
f 613 	808 	807
f 613 	616 	808
f 616 	809 	808
f 616 	615 	809
f 615 	810 	809
f 615 	618 	810
f 618 	811 	810
f 618 	617 	811
f 617 	812 	811
f 617 	620 	812
f 620 	813 	812
f 620 	619 	813
f 619 	814 	813
f 619 	622 	814
f 622 	815 	814
f 622 	621 	815
f 621 	816 	815
f 621 	624 	816
f 624 	817 	816
f 624 	623 	817
f 623 	818 	817
f 623 	626 	818
f 626 	819 	818
f 626 	625 	819
f 625 	820 	819
f 625 	628 	820
f 628 	821 	820
f 628 	627 	821
f 627 	822 	821
f 627 	630 	822
f 630 	823 	822
f 630 	629 	823
f 629 	824 	823
f 629 	632 	824
f 632 	825 	824
f 632 	631 	825
f 631 	826 	825
f 631 	634 	826
f 634 	827 	826
f 634 	633 	827
f 633 	828 	827
f 633 	636 	828
f 636 	829 	828
f 636 	635 	829
f 635 	830 	829
f 635 	638 	830
f 638 	831 	830
f 638 	637 	831
f 637 	832 	831
f 637 	640 	832
f 640 	833 	832
f 640 	639 	833
f 639 	834 	833
f 639 	642 	834
f 642 	835 	834
f 642 	641 	835
f 641 	836 	835
f 641 	644 	836
f 644 	837 	836
f 644 	643 	837
f 643 	838 	837
f 643 	646 	838
f 646 	839 	838
f 646 	645 	839
f 645 	840 	839
f 645 	648 	840
f 648 	841 	840
f 648 	647 	841
f 647 	842 	841
f 647 	650 	842
f 650 	843 	842
f 650 	649 	843
f 649 	844 	843
f 649 	652 	844
f 652 	845 	844
f 652 	651 	845
f 651 	846 	845
f 651 	654 	846
f 654 	847 	846
f 654 	653 	847
f 653 	848 	847
f 653 	656 	848
f 656 	849 	848
f 656 	655 	849
f 655 	850 	849
f 655 	658 	850
f 658 	851 	850
f 658 	657 	851
f 657 	852 	851
f 657 	660 	852
f 660 	853 	852
f 660 	659 	853
f 659 	854 	853
f 659 	662 	854
f 662 	855 	854
f 662 	661 	855
f 661 	856 	855
f 661 	664 	856
f 664 	857 	856
f 664 	663 	857
f 663 	858 	857
f 663 	666 	858
f 666 	859 	858
f 666 	665 	859
f 665 	860 	859
f 665 	668 	860
f 668 	861 	860
f 668 	667 	861
f 667 	862 	861
f 667 	670 	862
f 670 	863 	862
f 670 	669 	863
f 669 	864 	863
f 669 	672 	864
f 672 	865 	864
f 672 	671 	865
f 671 	866 	865
f 671 	674 	866
f 674 	867 	866
f 674 	673 	867
f 673 	868 	867
f 673 	676 	868
f 676 	869 	868
f 676 	675 	869
f 675 	870 	869
f 675 	678 	870
f 678 	871 	870
f 678 	677 	871
f 677 	872 	871
f 677 	680 	872
f 680 	873 	872
f 680 	679 	873
f 679 	874 	873
f 679 	682 	874
f 682 	875 	874
f 682 	681 	875
f 681 	876 	875
f 681 	684 	876
f 684 	877 	876
f 684 	683 	877
f 683 	878 	877
f 683 	686 	878
f 686 	879 	878
f 686 	685 	879
f 685 	880 	879
f 685 	688 	880
f 688 	881 	880
f 688 	687 	881
f 687 	882 	881
f 687 	690 	882
f 690 	883 	882
f 690 	689 	883
f 689 	884 	883
f 689 	692 	884
f 692 	885 	884
f 692 	691 	885
f 691 	886 	885
f 691 	694 	886
f 694 	887 	886
f 694 	693 	887
f 693 	888 	887
f 693 	696 	888
f 696 	889 	888
f 696 	695 	889
f 695 	890 	889
f 695 	698 	890
f 698 	891 	890
f 698 	697 	891
f 697 	892 	891
f 697 	700 	892
f 700 	893 	892
f 700 	699 	893
f 699 	894 	893
f 699 	702 	894
f 702 	895 	894
f 702 	701 	895
f 701 	896 	895
f 701 	704 	896
f 704 	897 	896
f 704 	703 	897
f 703 	898 	897
f 703 	706 	898
f 706 	899 	898
f 706 	705 	899
f 705 	900 	899
f 705 	609 	900
f 609 	801 	900
f 609 	608 	801
f 608 	802 	801
f 608 	607 	802
f 607 	803 	802
# 772 faces

 #end of obj_3

o obj_4
v -33.6488 		-26.9343 		0.0331
v -34.1458 		-26.9343 		0
v -34.1458 		-26.9343 		3.8677
v -33.1603 		-26.9343 		0.1318
v -32.6886 		-26.9343 		0.2944
v -32.2419 		-26.9343 		0.5182
v -31.8277 		-26.9343 		0.7992
v -31.4533 		-26.9343 		1.1328
v -31.1249 		-26.9343 		1.5132
v -30.8481 		-26.9343 		1.9338
v -30.6278 		-26.9343 		2.3876
v -30.4677 		-26.9343 		2.8667
v -30.3706 		-26.9343 		3.3629
v -30.338 		-26.9343 		3.8677
v -30.3706 		-26.9343 		4.3725
v -30.4677 		-26.9343 		4.8687
v -30.6278 		-26.9343 		5.3478
v -30.8481 		-26.9343 		5.8015
v -31.1249 		-26.9343 		6.2222
v -31.4533 		-26.9343 		6.6026
v -31.8277 		-26.9343 		6.9361
v -32.2419 		-26.9343 		7.2172
v -32.6886 		-26.9343 		7.441
v -33.1603 		-26.9343 		7.6036
v -33.6488 		-26.9343 		7.7023
v -34.1458 		-26.9343 		7.7354
v -34.6428 		-26.9343 		7.7023
v -35.1313 		-26.9343 		7.6036
v -35.603 		-26.9343 		7.441
v -36.0497 		-26.9343 		7.2172
v -36.4638 		-26.9343 		6.9361
v -36.8383 		-26.9343 		6.6026
v -37.1667 		-26.9343 		6.2222
v -37.4434 		-26.9343 		5.8015
v -37.6637 		-26.9343 		5.3478
v -37.8238 		-26.9343 		4.8687
v -37.921 		-26.9343 		4.3725
v -37.9536 		-26.9343 		3.8677
v -37.921 		-26.9343 		3.3629
v -37.8238 		-26.9343 		2.8667
v -37.6637 		-26.9343 		2.3876
v -37.4434 		-26.9343 		1.9338
v -37.1667 		-26.9343 		1.5132
v -36.8383 		-26.9343 		1.1328
v -36.4638 		-26.9343 		0.7992
v -36.0497 		-26.9343 		0.5182
v -35.603 		-26.9343 		0.2944
v -35.1313 		-26.9343 		0.1318
v -34.6428 		-26.9343 		0.0331
v -34.1458 		-23.3053 		0
v -33.6488 		-23.3053 		0.0331
v -34.1458 		-23.3053 		3.8677
v -33.1603 		-23.3053 		0.1318
v -32.6886 		-23.3053 		0.2944
v -32.2419 		-23.3053 		0.5182
v -31.8277 		-23.3053 		0.7992
v -31.4533 		-23.3053 		1.1328
v -31.1249 		-23.3053 		1.5132
v -30.8481 		-23.3053 		1.9338
v -30.6278 		-23.3053 		2.3876
v -30.4677 		-23.3053 		2.8667
v -30.3706 		-23.3053 		3.3629
v -30.338 		-23.3053 		3.8677
v -30.3706 		-23.3053 		4.3725
v -30.4677 		-23.3053 		4.8687
v -30.6278 		-23.3053 		5.3478
v -30.8481 		-23.3053 		5.8015
v -31.1249 		-23.3053 		6.2222
v -31.4533 		-23.3053 		6.6026
v -31.8277 		-23.3053 		6.9361
v -32.2419 		-23.3053 		7.2172
v -32.6886 		-23.3053 		7.441
v -33.1603 		-23.3053 		7.6036
v -33.6488 		-23.3053 		7.7023
v -34.1458 		-23.3053 		7.7354
v -34.6428 		-23.3053 		7.7023
v -35.1313 		-23.3053 		7.6036
v -35.603 		-23.3053 		7.441
v -36.0497 		-23.3053 		7.2172
v -36.4638 		-23.3053 		6.9361
v -36.8383 		-23.3053 		6.6026
v -37.1667 		-23.3053 		6.2222
v -37.4434 		-23.3053 		5.8015
v -37.6637 		-23.3053 		5.3478
v -37.8238 		-23.3053 		4.8687
v -37.921 		-23.3053 		4.3725
v -37.9536 		-23.3053 		3.8677
v -37.921 		-23.3053 		3.3629
v -37.8238 		-23.3053 		2.8667
v -37.6637 		-23.3053 		2.3876
v -37.4434 		-23.3053 		1.9338
v -37.1667 		-23.3053 		1.5132
v -36.8383 		-23.3053 		1.1328
v -36.4638 		-23.3053 		0.7992
v -36.0497 		-23.3053 		0.5182
v -35.603 		-23.3053 		0.2944
v -35.1313 		-23.3053 		0.1318
v -34.6428 		-23.3053 		0.0331
# 98 vertices

g group_4_2829873

usemtl color_2829873
s 0

f 996 	995 	997
f 995 	998 	997
f 998 	999 	997
f 999 	1000 	997
f 1000 	1001 	997
f 1001 	1002 	997
f 1002 	1003 	997
f 1003 	1004 	997
f 1004 	1005 	997
f 1005 	1006 	997
f 1006 	1007 	997
f 1007 	1008 	997
f 1008 	1009 	997
f 1009 	1010 	997
f 1010 	1011 	997
f 1011 	1012 	997
f 1012 	1013 	997
f 1013 	1014 	997
f 1014 	1015 	997
f 1015 	1016 	997
f 1016 	1017 	997
f 1017 	1018 	997
f 1018 	1019 	997
f 1019 	1020 	997
f 1020 	1021 	997
f 1021 	1022 	997
f 1022 	1023 	997
f 1023 	1024 	997
f 1024 	1025 	997
f 1025 	1026 	997
f 1026 	1027 	997
f 1027 	1028 	997
f 1028 	1029 	997
f 1029 	1030 	997
f 1030 	1031 	997
f 1031 	1032 	997
f 1032 	1033 	997
f 1033 	1034 	997
f 1034 	1035 	997
f 1035 	1036 	997
f 1036 	1037 	997
f 1037 	1038 	997
f 1038 	1039 	997
f 1039 	1040 	997
f 1040 	1041 	997
f 1041 	1042 	997
f 1042 	1043 	997
f 1043 	996 	997
f 1045 	1044 	1046
f 1047 	1045 	1046
f 1048 	1047 	1046
f 1049 	1048 	1046
f 1050 	1049 	1046
f 1051 	1050 	1046
f 1052 	1051 	1046
f 1053 	1052 	1046
f 1054 	1053 	1046
f 1055 	1054 	1046
f 1056 	1055 	1046
f 1057 	1056 	1046
f 1058 	1057 	1046
f 1059 	1058 	1046
f 1060 	1059 	1046
f 1061 	1060 	1046
f 1062 	1061 	1046
f 1063 	1062 	1046
f 1064 	1063 	1046
f 1065 	1064 	1046
f 1066 	1065 	1046
f 1067 	1066 	1046
f 1068 	1067 	1046
f 1069 	1068 	1046
f 1070 	1069 	1046
f 1071 	1070 	1046
f 1072 	1071 	1046
f 1073 	1072 	1046
f 1074 	1073 	1046
f 1075 	1074 	1046
f 1076 	1075 	1046
f 1077 	1076 	1046
f 1078 	1077 	1046
f 1079 	1078 	1046
f 1080 	1079 	1046
f 1081 	1080 	1046
f 1082 	1081 	1046
f 1083 	1082 	1046
f 1084 	1083 	1046
f 1085 	1084 	1046
f 1086 	1085 	1046
f 1087 	1086 	1046
f 1088 	1087 	1046
f 1089 	1088 	1046
f 1090 	1089 	1046
f 1091 	1090 	1046
f 1092 	1091 	1046
f 1044 	1092 	1046
f 995 	996 	995
f 998 	995 	998
f 999 	998 	999
f 1000 	999 	1000
f 1001 	1000 	1001
f 1002 	1001 	1002
f 1003 	1002 	1003
f 1004 	1003 	1004
f 1005 	1004 	1005
f 1006 	1005 	1006
f 1007 	1006 	1007
f 1008 	1007 	1008
f 1009 	1008 	1009
f 1010 	1009 	1010
f 1011 	1010 	1011
f 1012 	1011 	1012
f 1013 	1012 	1013
f 1014 	1013 	1014
f 1015 	1014 	1015
f 1016 	1015 	1016
f 1017 	1016 	1017
f 1018 	1017 	1018
f 1019 	1018 	1019
f 1020 	1019 	1020
f 1021 	1020 	1021
f 1022 	1021 	1022
f 1023 	1022 	1023
f 1024 	1023 	1024
f 1025 	1024 	1025
f 1026 	1025 	1026
f 1027 	1026 	1027
f 1028 	1027 	1028
f 1029 	1028 	1029
f 1030 	1029 	1030
f 1031 	1030 	1031
f 1032 	1031 	1032
f 1033 	1032 	1033
f 1034 	1033 	1034
f 1035 	1034 	1035
f 1036 	1035 	1036
f 1037 	1036 	1037
f 1038 	1037 	1038
f 1039 	1038 	1039
f 1040 	1039 	1040
f 1041 	1040 	1041
f 1042 	1041 	1042
f 1043 	1042 	1043
f 996 	1043 	996
f 995 	996 	1045
f 1045 	996 	1044
f 998 	995 	1047
f 1047 	995 	1045
f 999 	998 	1048
f 1048 	998 	1047
f 1000 	999 	1049
f 1049 	999 	1048
f 1001 	1000 	1050
f 1050 	1000 	1049
f 1002 	1001 	1051
f 1051 	1001 	1050
f 1003 	1002 	1052
f 1052 	1002 	1051
f 1004 	1003 	1053
f 1053 	1003 	1052
f 1005 	1004 	1054
f 1054 	1004 	1053
f 1006 	1005 	1055
f 1055 	1005 	1054
f 1007 	1006 	1056
f 1056 	1006 	1055
f 1008 	1007 	1057
f 1057 	1007 	1056
f 1009 	1008 	1058
f 1058 	1008 	1057
f 1010 	1009 	1059
f 1059 	1009 	1058
f 1011 	1010 	1060
f 1060 	1010 	1059
f 1012 	1011 	1061
f 1061 	1011 	1060
f 1013 	1012 	1062
f 1062 	1012 	1061
f 1014 	1013 	1063
f 1063 	1013 	1062
f 1015 	1014 	1064
f 1064 	1014 	1063
f 1016 	1015 	1065
f 1065 	1015 	1064
f 1017 	1016 	1066
f 1066 	1016 	1065
f 1018 	1017 	1067
f 1067 	1017 	1066
f 1019 	1018 	1068
f 1068 	1018 	1067
f 1020 	1019 	1069
f 1069 	1019 	1068
f 1021 	1020 	1070
f 1070 	1020 	1069
f 1022 	1021 	1071
f 1071 	1021 	1070
f 1023 	1022 	1072
f 1072 	1022 	1071
f 1024 	1023 	1073
f 1073 	1023 	1072
f 1025 	1024 	1074
f 1074 	1024 	1073
f 1026 	1025 	1075
f 1075 	1025 	1074
f 1027 	1026 	1076
f 1076 	1026 	1075
f 1028 	1027 	1077
f 1077 	1027 	1076
f 1029 	1028 	1078
f 1078 	1028 	1077
f 1030 	1029 	1079
f 1079 	1029 	1078
f 1031 	1030 	1080
f 1080 	1030 	1079
f 1032 	1031 	1081
f 1081 	1031 	1080
f 1033 	1032 	1082
f 1082 	1032 	1081
f 1034 	1033 	1083
f 1083 	1033 	1082
f 1035 	1034 	1084
f 1084 	1034 	1083
f 1036 	1035 	1085
f 1085 	1035 	1084
f 1037 	1036 	1086
f 1086 	1036 	1085
f 1038 	1037 	1087
f 1087 	1037 	1086
f 1039 	1038 	1088
f 1088 	1038 	1087
f 1040 	1039 	1089
f 1089 	1039 	1088
f 1041 	1040 	1090
f 1090 	1040 	1089
f 1042 	1041 	1091
f 1091 	1041 	1090
f 1043 	1042 	1092
f 1092 	1042 	1091
f 996 	1043 	1044
f 1044 	1043 	1092
f 1045 	1044 	1045
f 1047 	1045 	1047
f 1048 	1047 	1048
f 1049 	1048 	1049
f 1050 	1049 	1050
f 1051 	1050 	1051
f 1052 	1051 	1052
f 1053 	1052 	1053
f 1054 	1053 	1054
f 1055 	1054 	1055
f 1056 	1055 	1056
f 1057 	1056 	1057
f 1058 	1057 	1058
f 1059 	1058 	1059
f 1060 	1059 	1060
f 1061 	1060 	1061
f 1062 	1061 	1062
f 1063 	1062 	1063
f 1064 	1063 	1064
f 1065 	1064 	1065
f 1066 	1065 	1066
f 1067 	1066 	1067
f 1068 	1067 	1068
f 1069 	1068 	1069
f 1070 	1069 	1070
f 1071 	1070 	1071
f 1072 	1071 	1072
f 1073 	1072 	1073
f 1074 	1073 	1074
f 1075 	1074 	1075
f 1076 	1075 	1076
f 1077 	1076 	1077
f 1078 	1077 	1078
f 1079 	1078 	1079
f 1080 	1079 	1080
f 1081 	1080 	1081
f 1082 	1081 	1082
f 1083 	1082 	1083
f 1084 	1083 	1084
f 1085 	1084 	1085
f 1086 	1085 	1086
f 1087 	1086 	1087
f 1088 	1087 	1088
f 1089 	1088 	1089
f 1090 	1089 	1090
f 1091 	1090 	1091
f 1092 	1091 	1092
f 1044 	1092 	1044
# 288 faces

 #end of obj_4

o obj_5
v -45.9192 		-5.7544 		0.0246
v -46.2749 		-5.7544 		0
v -46.2749 		-5.7544 		2.873
v -45.5696 		-5.7544 		0.0979
v -45.232 		-5.7544 		0.2187
v -44.9123 		-5.7544 		0.3849
v -44.6159 		-5.7544 		0.5937
v -44.3479 		-5.7544 		0.8415
v -44.1129 		-5.7544 		1.124
v -43.9149 		-5.7544 		1.4365
v -43.7572 		-5.7544 		1.7736
v -43.6426 		-5.7544 		2.1294
v -43.5731 		-5.7544 		2.498
v -43.5498 		-5.7544 		2.873
v -43.5731 		-5.7544 		3.248
v -43.6426 		-5.7544 		3.6166
v -43.7572 		-5.7544 		3.9725
v -43.9149 		-5.7544 		4.3095
v -44.1129 		-5.7544 		4.622
v -44.3479 		-5.7544 		4.9045
v -44.6159 		-5.7544 		5.1523
v -44.9123 		-5.7544 		5.3611
v -45.232 		-5.7544 		5.5273
v -45.5696 		-5.7544 		5.6481
v -45.9192 		-5.7544 		5.7215
v -46.2749 		-5.7544 		5.746
v -46.6306 		-5.7544 		5.7215
v -46.9802 		-5.7544 		5.6481
v -47.3177 		-5.7544 		5.5273
v -47.6374 		-5.7544 		5.3611
v -47.9338 		-5.7544 		5.1523
v -48.2018 		-5.7544 		4.9045
v -48.4369 		-5.7544 		4.622
v -48.6349 		-5.7544 		4.3095
v -48.7926 		-5.7544 		3.9725
v -48.9071 		-5.7544 		3.6166
v -48.9767 		-5.7544 		3.248
v -49 		-5.7544 		2.873
v -48.9767 		-5.7544 		2.498
v -48.9071 		-5.7544 		2.1294
v -48.7926 		-5.7544 		1.7736
v -48.6349 		-5.7544 		1.4365
v -48.4369 		-5.7544 		1.124
v -48.2018 		-5.7544 		0.8415
v -47.9338 		-5.7544 		0.5937
v -47.6374 		-5.7544 		0.3849
v -47.3177 		-5.7544 		0.2187
v -46.9802 		-5.7544 		0.0979
v -46.6306 		-5.7544 		0.0246
v -46.2749 		0 		0
v -45.9192 		0 		0.0246
v -46.2749 		0 		2.873
v -45.5696 		0 		0.0979
v -45.232 		0 		0.2187
v -44.9123 		0 		0.3849
v -44.6159 		0 		0.5937
v -44.3479 		0 		0.8415
v -44.1129 		0 		1.124
v -43.9149 		0 		1.4365
v -43.7572 		0 		1.7736
v -43.6426 		0 		2.1294
v -43.5731 		0 		2.498
v -43.5498 		0 		2.873
v -43.5731 		0 		3.248
v -43.6426 		0 		3.6166
v -43.7572 		0 		3.9725
v -43.9149 		0 		4.3095
v -44.1129 		0 		4.622
v -44.3479 		0 		4.9045
v -44.6159 		0 		5.1523
v -44.9123 		0 		5.3611
v -45.232 		0 		5.5273
v -45.5696 		0 		5.6481
v -45.9192 		0 		5.7215
v -46.2749 		0 		5.746
v -46.6306 		0 		5.7215
v -46.9802 		0 		5.6481
v -47.3177 		0 		5.5273
v -47.6374 		0 		5.3611
v -47.9338 		0 		5.1523
v -48.2018 		0 		4.9045
v -48.4369 		0 		4.622
v -48.6349 		0 		4.3095
v -48.7926 		0 		3.9725
v -48.9071 		0 		3.6166
v -48.9767 		0 		3.248
v -49 		0 		2.873
v -48.9767 		0 		2.498
v -48.9071 		0 		2.1294
v -48.7926 		0 		1.7736
v -48.6349 		0 		1.4365
v -48.4369 		0 		1.124
v -48.2018 		0 		0.8415
v -47.9338 		0 		0.5937
v -47.6374 		0 		0.3849
v -47.3177 		0 		0.2187
v -46.9802 		0 		0.0979
v -46.6306 		0 		0.0246
# 98 vertices

g group_5_2829873

usemtl color_2829873
s 0

f 1094 	1093 	1095
f 1093 	1096 	1095
f 1096 	1097 	1095
f 1097 	1098 	1095
f 1098 	1099 	1095
f 1099 	1100 	1095
f 1100 	1101 	1095
f 1101 	1102 	1095
f 1102 	1103 	1095
f 1103 	1104 	1095
f 1104 	1105 	1095
f 1105 	1106 	1095
f 1106 	1107 	1095
f 1107 	1108 	1095
f 1108 	1109 	1095
f 1109 	1110 	1095
f 1110 	1111 	1095
f 1111 	1112 	1095
f 1112 	1113 	1095
f 1113 	1114 	1095
f 1114 	1115 	1095
f 1115 	1116 	1095
f 1116 	1117 	1095
f 1117 	1118 	1095
f 1118 	1119 	1095
f 1119 	1120 	1095
f 1120 	1121 	1095
f 1121 	1122 	1095
f 1122 	1123 	1095
f 1123 	1124 	1095
f 1124 	1125 	1095
f 1125 	1126 	1095
f 1126 	1127 	1095
f 1127 	1128 	1095
f 1128 	1129 	1095
f 1129 	1130 	1095
f 1130 	1131 	1095
f 1131 	1132 	1095
f 1132 	1133 	1095
f 1133 	1134 	1095
f 1134 	1135 	1095
f 1135 	1136 	1095
f 1136 	1137 	1095
f 1137 	1138 	1095
f 1138 	1139 	1095
f 1139 	1140 	1095
f 1140 	1141 	1095
f 1141 	1094 	1095
f 1143 	1142 	1144
f 1145 	1143 	1144
f 1146 	1145 	1144
f 1147 	1146 	1144
f 1148 	1147 	1144
f 1149 	1148 	1144
f 1150 	1149 	1144
f 1151 	1150 	1144
f 1152 	1151 	1144
f 1153 	1152 	1144
f 1154 	1153 	1144
f 1155 	1154 	1144
f 1156 	1155 	1144
f 1157 	1156 	1144
f 1158 	1157 	1144
f 1159 	1158 	1144
f 1160 	1159 	1144
f 1161 	1160 	1144
f 1162 	1161 	1144
f 1163 	1162 	1144
f 1164 	1163 	1144
f 1165 	1164 	1144
f 1166 	1165 	1144
f 1167 	1166 	1144
f 1168 	1167 	1144
f 1169 	1168 	1144
f 1170 	1169 	1144
f 1171 	1170 	1144
f 1172 	1171 	1144
f 1173 	1172 	1144
f 1174 	1173 	1144
f 1175 	1174 	1144
f 1176 	1175 	1144
f 1177 	1176 	1144
f 1178 	1177 	1144
f 1179 	1178 	1144
f 1180 	1179 	1144
f 1181 	1180 	1144
f 1182 	1181 	1144
f 1183 	1182 	1144
f 1184 	1183 	1144
f 1185 	1184 	1144
f 1186 	1185 	1144
f 1187 	1186 	1144
f 1188 	1187 	1144
f 1189 	1188 	1144
f 1190 	1189 	1144
f 1142 	1190 	1144
f 1093 	1094 	1093
f 1096 	1093 	1096
f 1097 	1096 	1097
f 1098 	1097 	1098
f 1099 	1098 	1099
f 1100 	1099 	1100
f 1101 	1100 	1101
f 1102 	1101 	1102
f 1103 	1102 	1103
f 1104 	1103 	1104
f 1105 	1104 	1105
f 1106 	1105 	1106
f 1107 	1106 	1107
f 1108 	1107 	1108
f 1109 	1108 	1109
f 1110 	1109 	1110
f 1111 	1110 	1111
f 1112 	1111 	1112
f 1113 	1112 	1113
f 1114 	1113 	1114
f 1115 	1114 	1115
f 1116 	1115 	1116
f 1117 	1116 	1117
f 1118 	1117 	1118
f 1119 	1118 	1119
f 1120 	1119 	1120
f 1121 	1120 	1121
f 1122 	1121 	1122
f 1123 	1122 	1123
f 1124 	1123 	1124
f 1125 	1124 	1125
f 1126 	1125 	1126
f 1127 	1126 	1127
f 1128 	1127 	1128
f 1129 	1128 	1129
f 1130 	1129 	1130
f 1131 	1130 	1131
f 1132 	1131 	1132
f 1133 	1132 	1133
f 1134 	1133 	1134
f 1135 	1134 	1135
f 1136 	1135 	1136
f 1137 	1136 	1137
f 1138 	1137 	1138
f 1139 	1138 	1139
f 1140 	1139 	1140
f 1141 	1140 	1141
f 1094 	1141 	1094
f 1093 	1094 	1143
f 1143 	1094 	1142
f 1096 	1093 	1145
f 1145 	1093 	1143
f 1097 	1096 	1146
f 1146 	1096 	1145
f 1098 	1097 	1147
f 1147 	1097 	1146
f 1099 	1098 	1148
f 1148 	1098 	1147
f 1100 	1099 	1149
f 1149 	1099 	1148
f 1101 	1100 	1150
f 1150 	1100 	1149
f 1102 	1101 	1151
f 1151 	1101 	1150
f 1103 	1102 	1152
f 1152 	1102 	1151
f 1104 	1103 	1153
f 1153 	1103 	1152
f 1105 	1104 	1154
f 1154 	1104 	1153
f 1106 	1105 	1155
f 1155 	1105 	1154
f 1107 	1106 	1156
f 1156 	1106 	1155
f 1108 	1107 	1157
f 1157 	1107 	1156
f 1109 	1108 	1158
f 1158 	1108 	1157
f 1110 	1109 	1159
f 1159 	1109 	1158
f 1111 	1110 	1160
f 1160 	1110 	1159
f 1112 	1111 	1161
f 1161 	1111 	1160
f 1113 	1112 	1162
f 1162 	1112 	1161
f 1114 	1113 	1163
f 1163 	1113 	1162
f 1115 	1114 	1164
f 1164 	1114 	1163
f 1116 	1115 	1165
f 1165 	1115 	1164
f 1117 	1116 	1166
f 1166 	1116 	1165
f 1118 	1117 	1167
f 1167 	1117 	1166
f 1119 	1118 	1168
f 1168 	1118 	1167
f 1120 	1119 	1169
f 1169 	1119 	1168
f 1121 	1120 	1170
f 1170 	1120 	1169
f 1122 	1121 	1171
f 1171 	1121 	1170
f 1123 	1122 	1172
f 1172 	1122 	1171
f 1124 	1123 	1173
f 1173 	1123 	1172
f 1125 	1124 	1174
f 1174 	1124 	1173
f 1126 	1125 	1175
f 1175 	1125 	1174
f 1127 	1126 	1176
f 1176 	1126 	1175
f 1128 	1127 	1177
f 1177 	1127 	1176
f 1129 	1128 	1178
f 1178 	1128 	1177
f 1130 	1129 	1179
f 1179 	1129 	1178
f 1131 	1130 	1180
f 1180 	1130 	1179
f 1132 	1131 	1181
f 1181 	1131 	1180
f 1133 	1132 	1182
f 1182 	1132 	1181
f 1134 	1133 	1183
f 1183 	1133 	1182
f 1135 	1134 	1184
f 1184 	1134 	1183
f 1136 	1135 	1185
f 1185 	1135 	1184
f 1137 	1136 	1186
f 1186 	1136 	1185
f 1138 	1137 	1187
f 1187 	1137 	1186
f 1139 	1138 	1188
f 1188 	1138 	1187
f 1140 	1139 	1189
f 1189 	1139 	1188
f 1141 	1140 	1190
f 1190 	1140 	1189
f 1094 	1141 	1142
f 1142 	1141 	1190
f 1143 	1142 	1143
f 1145 	1143 	1145
f 1146 	1145 	1146
f 1147 	1146 	1147
f 1148 	1147 	1148
f 1149 	1148 	1149
f 1150 	1149 	1150
f 1151 	1150 	1151
f 1152 	1151 	1152
f 1153 	1152 	1153
f 1154 	1153 	1154
f 1155 	1154 	1155
f 1156 	1155 	1156
f 1157 	1156 	1157
f 1158 	1157 	1158
f 1159 	1158 	1159
f 1160 	1159 	1160
f 1161 	1160 	1161
f 1162 	1161 	1162
f 1163 	1162 	1163
f 1164 	1163 	1164
f 1165 	1164 	1165
f 1166 	1165 	1166
f 1167 	1166 	1167
f 1168 	1167 	1168
f 1169 	1168 	1169
f 1170 	1169 	1170
f 1171 	1170 	1171
f 1172 	1171 	1172
f 1173 	1172 	1173
f 1174 	1173 	1174
f 1175 	1174 	1175
f 1176 	1175 	1176
f 1177 	1176 	1177
f 1178 	1177 	1178
f 1179 	1178 	1179
f 1180 	1179 	1180
f 1181 	1180 	1181
f 1182 	1181 	1182
f 1183 	1182 	1183
f 1184 	1183 	1184
f 1185 	1184 	1185
f 1186 	1185 	1186
f 1187 	1186 	1187
f 1188 	1187 	1188
f 1189 	1188 	1189
f 1190 	1189 	1190
f 1142 	1190 	1142
# 288 faces

 #end of obj_5

o obj_6
v -18.7197 		1.2751 		0.0331
v -18.2227 		1.2751 		0
v -18.2227 		1.2751 		3.8677
v -19.2082 		1.2751 		0.1318
v -19.6798 		1.2751 		0.2944
v -20.1266 		1.2751 		0.5182
v -20.5407 		1.2751 		0.7992
v -20.9152 		1.2751 		1.1328
v -21.2436 		1.2751 		1.5132
v -21.5203 		1.2751 		1.9338
v -21.7406 		1.2751 		2.3876
v -21.9007 		1.2751 		2.8667
v -21.9979 		1.2751 		3.3629
v -22.0305 		1.2751 		3.8677
v -21.9979 		1.2751 		4.3725
v -21.9007 		1.2751 		4.8687
v -21.7406 		1.2751 		5.3478
v -21.5203 		1.2751 		5.8015
v -21.2436 		1.2751 		6.2222
v -20.9152 		1.2751 		6.6026
v -20.5407 		1.2751 		6.9361
v -20.1266 		1.2751 		7.2172
v -19.6798 		1.2751 		7.441
v -19.2082 		1.2751 		7.6036
v -18.7197 		1.2751 		7.7023
v -18.2227 		1.2751 		7.7354
v -17.7257 		1.2751 		7.7023
v -17.2371 		1.2751 		7.6036
v -16.7655 		1.2751 		7.441
v -16.3188 		1.2751 		7.2172
v -15.9046 		1.2751 		6.9361
v -15.5302 		1.2751 		6.6026
v -15.2017 		1.2751 		6.2222
v -14.925 		1.2751 		5.8015
v -14.7047 		1.2751 		5.3478
v -14.5446 		1.2751 		4.8687
v -14.4475 		1.2751 		4.3725
v -14.4149 		1.2751 		3.8677
v -14.4475 		1.2751 		3.3629
v -14.5446 		1.2751 		2.8667
v -14.7047 		1.2751 		2.3876
v -14.925 		1.2751 		1.9338
v -15.2017 		1.2751 		1.5132
v -15.5302 		1.2751 		1.1328
v -15.9046 		1.2751 		0.7992
v -16.3188 		1.2751 		0.5182
v -16.7655 		1.2751 		0.2944
v -17.2371 		1.2751 		0.1318
v -17.7257 		1.2751 		0.0331
v -18.2227 		-6 		0
v -18.7197 		-6 		0.0331
v -18.2227 		-6 		3.8677
v -19.2082 		-6 		0.1318
v -19.6798 		-6 		0.2944
v -20.1266 		-6 		0.5182
v -20.5407 		-6 		0.7992
v -20.9152 		-6 		1.1328
v -21.2436 		-6 		1.5132
v -21.5203 		-6 		1.9338
v -21.7406 		-6 		2.3876
v -21.9007 		-6 		2.8667
v -21.9979 		-6 		3.3629
v -22.0305 		-6 		3.8677
v -21.9979 		-6 		4.3725
v -21.9007 		-6 		4.8687
v -21.7406 		-6 		5.3478
v -21.5203 		-6 		5.8015
v -21.2436 		-6 		6.2222
v -20.9152 		-6 		6.6026
v -20.5407 		-6 		6.9361
v -20.1266 		-6 		7.2172
v -19.6798 		-6 		7.441
v -19.2082 		-6 		7.6036
v -18.7197 		-6 		7.7023
v -18.2227 		-6 		7.7354
v -17.7257 		-6 		7.7023
v -17.2371 		-6 		7.6036
v -16.7655 		-6 		7.441
v -16.3188 		-6 		7.2172
v -15.9046 		-6 		6.9361
v -15.5302 		-6 		6.6026
v -15.2017 		-6 		6.2222
v -14.925 		-6 		5.8015
v -14.7047 		-6 		5.3478
v -14.5446 		-6 		4.8687
v -14.4475 		-6 		4.3725
v -14.4149 		-6 		3.8677
v -14.4475 		-6 		3.3629
v -14.5446 		-6 		2.8667
v -14.7047 		-6 		2.3876
v -14.925 		-6 		1.9338
v -15.2017 		-6 		1.5132
v -15.5302 		-6 		1.1328
v -15.9046 		-6 		0.7992
v -16.3188 		-6 		0.5182
v -16.7655 		-6 		0.2944
v -17.2371 		-6 		0.1318
v -17.7257 		-6 		0.0331
# 98 vertices

g group_6_2829873

usemtl color_2829873
s 0

f 1192 	1191 	1193
f 1191 	1194 	1193
f 1194 	1195 	1193
f 1195 	1196 	1193
f 1196 	1197 	1193
f 1197 	1198 	1193
f 1198 	1199 	1193
f 1199 	1200 	1193
f 1200 	1201 	1193
f 1201 	1202 	1193
f 1202 	1203 	1193
f 1203 	1204 	1193
f 1204 	1205 	1193
f 1205 	1206 	1193
f 1206 	1207 	1193
f 1207 	1208 	1193
f 1208 	1209 	1193
f 1209 	1210 	1193
f 1210 	1211 	1193
f 1211 	1212 	1193
f 1212 	1213 	1193
f 1213 	1214 	1193
f 1214 	1215 	1193
f 1215 	1216 	1193
f 1216 	1217 	1193
f 1217 	1218 	1193
f 1218 	1219 	1193
f 1219 	1220 	1193
f 1220 	1221 	1193
f 1221 	1222 	1193
f 1222 	1223 	1193
f 1223 	1224 	1193
f 1224 	1225 	1193
f 1225 	1226 	1193
f 1226 	1227 	1193
f 1227 	1228 	1193
f 1228 	1229 	1193
f 1229 	1230 	1193
f 1230 	1231 	1193
f 1231 	1232 	1193
f 1232 	1233 	1193
f 1233 	1234 	1193
f 1234 	1235 	1193
f 1235 	1236 	1193
f 1236 	1237 	1193
f 1237 	1238 	1193
f 1238 	1239 	1193
f 1239 	1192 	1193
f 1241 	1240 	1242
f 1243 	1241 	1242
f 1244 	1243 	1242
f 1245 	1244 	1242
f 1246 	1245 	1242
f 1247 	1246 	1242
f 1248 	1247 	1242
f 1249 	1248 	1242
f 1250 	1249 	1242
f 1251 	1250 	1242
f 1252 	1251 	1242
f 1253 	1252 	1242
f 1254 	1253 	1242
f 1255 	1254 	1242
f 1256 	1255 	1242
f 1257 	1256 	1242
f 1258 	1257 	1242
f 1259 	1258 	1242
f 1260 	1259 	1242
f 1261 	1260 	1242
f 1262 	1261 	1242
f 1263 	1262 	1242
f 1264 	1263 	1242
f 1265 	1264 	1242
f 1266 	1265 	1242
f 1267 	1266 	1242
f 1268 	1267 	1242
f 1269 	1268 	1242
f 1270 	1269 	1242
f 1271 	1270 	1242
f 1272 	1271 	1242
f 1273 	1272 	1242
f 1274 	1273 	1242
f 1275 	1274 	1242
f 1276 	1275 	1242
f 1277 	1276 	1242
f 1278 	1277 	1242
f 1279 	1278 	1242
f 1280 	1279 	1242
f 1281 	1280 	1242
f 1282 	1281 	1242
f 1283 	1282 	1242
f 1284 	1283 	1242
f 1285 	1284 	1242
f 1286 	1285 	1242
f 1287 	1286 	1242
f 1288 	1287 	1242
f 1240 	1288 	1242
f 1191 	1192 	1191
f 1194 	1191 	1194
f 1195 	1194 	1195
f 1196 	1195 	1196
f 1197 	1196 	1197
f 1198 	1197 	1198
f 1199 	1198 	1199
f 1200 	1199 	1200
f 1201 	1200 	1201
f 1202 	1201 	1202
f 1203 	1202 	1203
f 1204 	1203 	1204
f 1205 	1204 	1205
f 1206 	1205 	1206
f 1207 	1206 	1207
f 1208 	1207 	1208
f 1209 	1208 	1209
f 1210 	1209 	1210
f 1211 	1210 	1211
f 1212 	1211 	1212
f 1213 	1212 	1213
f 1214 	1213 	1214
f 1215 	1214 	1215
f 1216 	1215 	1216
f 1217 	1216 	1217
f 1218 	1217 	1218
f 1219 	1218 	1219
f 1220 	1219 	1220
f 1221 	1220 	1221
f 1222 	1221 	1222
f 1223 	1222 	1223
f 1224 	1223 	1224
f 1225 	1224 	1225
f 1226 	1225 	1226
f 1227 	1226 	1227
f 1228 	1227 	1228
f 1229 	1228 	1229
f 1230 	1229 	1230
f 1231 	1230 	1231
f 1232 	1231 	1232
f 1233 	1232 	1233
f 1234 	1233 	1234
f 1235 	1234 	1235
f 1236 	1235 	1236
f 1237 	1236 	1237
f 1238 	1237 	1238
f 1239 	1238 	1239
f 1192 	1239 	1192
f 1191 	1192 	1241
f 1241 	1192 	1240
f 1194 	1191 	1243
f 1243 	1191 	1241
f 1195 	1194 	1244
f 1244 	1194 	1243
f 1196 	1195 	1245
f 1245 	1195 	1244
f 1197 	1196 	1246
f 1246 	1196 	1245
f 1198 	1197 	1247
f 1247 	1197 	1246
f 1199 	1198 	1248
f 1248 	1198 	1247
f 1200 	1199 	1249
f 1249 	1199 	1248
f 1201 	1200 	1250
f 1250 	1200 	1249
f 1202 	1201 	1251
f 1251 	1201 	1250
f 1203 	1202 	1252
f 1252 	1202 	1251
f 1204 	1203 	1253
f 1253 	1203 	1252
f 1205 	1204 	1254
f 1254 	1204 	1253
f 1206 	1205 	1255
f 1255 	1205 	1254
f 1207 	1206 	1256
f 1256 	1206 	1255
f 1208 	1207 	1257
f 1257 	1207 	1256
f 1209 	1208 	1258
f 1258 	1208 	1257
f 1210 	1209 	1259
f 1259 	1209 	1258
f 1211 	1210 	1260
f 1260 	1210 	1259
f 1212 	1211 	1261
f 1261 	1211 	1260
f 1213 	1212 	1262
f 1262 	1212 	1261
f 1214 	1213 	1263
f 1263 	1213 	1262
f 1215 	1214 	1264
f 1264 	1214 	1263
f 1216 	1215 	1265
f 1265 	1215 	1264
f 1217 	1216 	1266
f 1266 	1216 	1265
f 1218 	1217 	1267
f 1267 	1217 	1266
f 1219 	1218 	1268
f 1268 	1218 	1267
f 1220 	1219 	1269
f 1269 	1219 	1268
f 1221 	1220 	1270
f 1270 	1220 	1269
f 1222 	1221 	1271
f 1271 	1221 	1270
f 1223 	1222 	1272
f 1272 	1222 	1271
f 1224 	1223 	1273
f 1273 	1223 	1272
f 1225 	1224 	1274
f 1274 	1224 	1273
f 1226 	1225 	1275
f 1275 	1225 	1274
f 1227 	1226 	1276
f 1276 	1226 	1275
f 1228 	1227 	1277
f 1277 	1227 	1276
f 1229 	1228 	1278
f 1278 	1228 	1277
f 1230 	1229 	1279
f 1279 	1229 	1278
f 1231 	1230 	1280
f 1280 	1230 	1279
f 1232 	1231 	1281
f 1281 	1231 	1280
f 1233 	1232 	1282
f 1282 	1232 	1281
f 1234 	1233 	1283
f 1283 	1233 	1282
f 1235 	1234 	1284
f 1284 	1234 	1283
f 1236 	1235 	1285
f 1285 	1235 	1284
f 1237 	1236 	1286
f 1286 	1236 	1285
f 1238 	1237 	1287
f 1287 	1237 	1286
f 1239 	1238 	1288
f 1288 	1238 	1287
f 1192 	1239 	1240
f 1240 	1239 	1288
f 1241 	1240 	1241
f 1243 	1241 	1243
f 1244 	1243 	1244
f 1245 	1244 	1245
f 1246 	1245 	1246
f 1247 	1246 	1247
f 1248 	1247 	1248
f 1249 	1248 	1249
f 1250 	1249 	1250
f 1251 	1250 	1251
f 1252 	1251 	1252
f 1253 	1252 	1253
f 1254 	1253 	1254
f 1255 	1254 	1255
f 1256 	1255 	1256
f 1257 	1256 	1257
f 1258 	1257 	1258
f 1259 	1258 	1259
f 1260 	1259 	1260
f 1261 	1260 	1261
f 1262 	1261 	1262
f 1263 	1262 	1263
f 1264 	1263 	1264
f 1265 	1264 	1265
f 1266 	1265 	1266
f 1267 	1266 	1267
f 1268 	1267 	1268
f 1269 	1268 	1269
f 1270 	1269 	1270
f 1271 	1270 	1271
f 1272 	1271 	1272
f 1273 	1272 	1273
f 1274 	1273 	1274
f 1275 	1274 	1275
f 1276 	1275 	1276
f 1277 	1276 	1277
f 1278 	1277 	1278
f 1279 	1278 	1279
f 1280 	1279 	1280
f 1281 	1280 	1281
f 1282 	1281 	1282
f 1283 	1282 	1283
f 1284 	1283 	1284
f 1285 	1284 	1285
f 1286 	1285 	1286
f 1287 	1286 	1287
f 1288 	1287 	1288
f 1240 	1288 	1240
# 288 faces

 #end of obj_6

o obj_7
v -42.0393 		-18.2738 		2.649
v -42.0393 		-18.2738 		1.3138
v -42.0393 		-8.8322 		2.649
v -42.0393 		-8.8322 		1.3138
v -44.7074 		-8.8322 		2.649
v -44.7074 		-8.8322 		1.3138
v -44.7074 		-18.2738 		2.649
v -44.7074 		-18.2738 		1.3138
# 8 vertices

g group_7_2829873

usemtl color_2829873
s 0

f 1289 	1290 	1291
f 1290 	1292 	1291
f 1293 	1294 	1295
f 1294 	1296 	1295
f 1293 	1295 	1291
f 1295 	1289 	1291
f 1296 	1294 	1290
f 1294 	1292 	1290
f 1295 	1296 	1289
f 1296 	1290 	1289
f 1291 	1292 	1293
f 1292 	1294 	1293
# 12 faces

 #end of obj_7

o obj_8
v -40.4347 		-20 		1.9957
v -40.5 		-20 		2
v -40.5 		-20 		1.5
v -40.3706 		-20 		1.983
v -40.3087 		-20 		1.9619
v -40.25 		-20 		1.933
v -40.1956 		-20 		1.8967
v -40.1464 		-20 		1.8536
v -40.1033 		-20 		1.8044
v -40.067 		-20 		1.75
v -40.0381 		-20 		1.6913
v -40.017 		-20 		1.6294
v -40.0043 		-20 		1.5653
v -40 		-20 		1.5
v -40.0043 		-20 		1.4347
v -40.017 		-20 		1.3706
v -40.0381 		-20 		1.3087
v -40.067 		-20 		1.25
v -40.1033 		-20 		1.1956
v -40.1464 		-20 		1.1464
v -40.1956 		-20 		1.1033
v -40.25 		-20 		1.067
v -40.3087 		-20 		1.0381
v -40.3706 		-20 		1.017
v -40.4347 		-20 		1.0043
v -40.5 		-20 		1
v -40.5653 		-20 		1.0043
v -40.6294 		-20 		1.017
v -40.6913 		-20 		1.0381
v -40.75 		-20 		1.067
v -40.8044 		-20 		1.1033
v -40.8536 		-20 		1.1464
v -40.8967 		-20 		1.1956
v -40.933 		-20 		1.25
v -40.9619 		-20 		1.3087
v -40.983 		-20 		1.3706
v -40.9957 		-20 		1.4347
v -41 		-20 		1.5
v -40.9957 		-20 		1.5653
v -40.983 		-20 		1.6294
v -40.9619 		-20 		1.6913
v -40.933 		-20 		1.75
v -40.8967 		-20 		1.8044
v -40.8536 		-20 		1.8536
v -40.8044 		-20 		1.8967
v -40.75 		-20 		1.933
v -40.6913 		-20 		1.9619
v -40.6294 		-20 		1.983
v -40.5653 		-20 		1.9957
v -40.5 		-27 		2
v -40.4347 		-27 		1.9957
v -40.5 		-27 		1.5
v -40.3706 		-27 		1.983
v -40.3087 		-27 		1.9619
v -40.25 		-27 		1.933
v -40.1956 		-27 		1.8967
v -40.1464 		-27 		1.8536
v -40.1033 		-27 		1.8044
v -40.067 		-27 		1.75
v -40.0381 		-27 		1.6913
v -40.017 		-27 		1.6294
v -40.0043 		-27 		1.5653
v -40 		-27 		1.5
v -40.0043 		-27 		1.4347
v -40.017 		-27 		1.3706
v -40.0381 		-27 		1.3087
v -40.067 		-27 		1.25
v -40.1033 		-27 		1.1956
v -40.1464 		-27 		1.1464
v -40.1956 		-27 		1.1033
v -40.25 		-27 		1.067
v -40.3087 		-27 		1.0381
v -40.3706 		-27 		1.017
v -40.4347 		-27 		1.0043
v -40.5 		-27 		1
v -40.5653 		-27 		1.0043
v -40.6294 		-27 		1.017
v -40.6913 		-27 		1.0381
v -40.75 		-27 		1.067
v -40.8044 		-27 		1.1033
v -40.8536 		-27 		1.1464
v -40.8967 		-27 		1.1956
v -40.933 		-27 		1.25
v -40.9619 		-27 		1.3087
v -40.983 		-27 		1.3706
v -40.9957 		-27 		1.4347
v -41 		-27 		1.5
v -40.9957 		-27 		1.5653
v -40.983 		-27 		1.6294
v -40.9619 		-27 		1.6913
v -40.933 		-27 		1.75
v -40.8967 		-27 		1.8044
v -40.8536 		-27 		1.8536
v -40.8044 		-27 		1.8967
v -40.75 		-27 		1.933
v -40.6913 		-27 		1.9619
v -40.6294 		-27 		1.983
v -40.5653 		-27 		1.9957
# 98 vertices

g group_8_10988977

usemtl color_10988977
s 0

f 1298 	1297 	1299
f 1297 	1300 	1299
f 1300 	1301 	1299
f 1301 	1302 	1299
f 1302 	1303 	1299
f 1303 	1304 	1299
f 1304 	1305 	1299
f 1305 	1306 	1299
f 1306 	1307 	1299
f 1307 	1308 	1299
f 1308 	1309 	1299
f 1309 	1310 	1299
f 1310 	1311 	1299
f 1311 	1312 	1299
f 1312 	1313 	1299
f 1313 	1314 	1299
f 1314 	1315 	1299
f 1315 	1316 	1299
f 1316 	1317 	1299
f 1317 	1318 	1299
f 1318 	1319 	1299
f 1319 	1320 	1299
f 1320 	1321 	1299
f 1321 	1322 	1299
f 1322 	1323 	1299
f 1323 	1324 	1299
f 1324 	1325 	1299
f 1325 	1326 	1299
f 1326 	1327 	1299
f 1327 	1328 	1299
f 1328 	1329 	1299
f 1329 	1330 	1299
f 1330 	1331 	1299
f 1331 	1332 	1299
f 1332 	1333 	1299
f 1333 	1334 	1299
f 1334 	1335 	1299
f 1335 	1336 	1299
f 1336 	1337 	1299
f 1337 	1338 	1299
f 1338 	1339 	1299
f 1339 	1340 	1299
f 1340 	1341 	1299
f 1341 	1342 	1299
f 1342 	1343 	1299
f 1343 	1344 	1299
f 1344 	1345 	1299
f 1345 	1298 	1299
f 1347 	1346 	1348
f 1349 	1347 	1348
f 1350 	1349 	1348
f 1351 	1350 	1348
f 1352 	1351 	1348
f 1353 	1352 	1348
f 1354 	1353 	1348
f 1355 	1354 	1348
f 1356 	1355 	1348
f 1357 	1356 	1348
f 1358 	1357 	1348
f 1359 	1358 	1348
f 1360 	1359 	1348
f 1361 	1360 	1348
f 1362 	1361 	1348
f 1363 	1362 	1348
f 1364 	1363 	1348
f 1365 	1364 	1348
f 1366 	1365 	1348
f 1367 	1366 	1348
f 1368 	1367 	1348
f 1369 	1368 	1348
f 1370 	1369 	1348
f 1371 	1370 	1348
f 1372 	1371 	1348
f 1373 	1372 	1348
f 1374 	1373 	1348
f 1375 	1374 	1348
f 1376 	1375 	1348
f 1377 	1376 	1348
f 1378 	1377 	1348
f 1379 	1378 	1348
f 1380 	1379 	1348
f 1381 	1380 	1348
f 1382 	1381 	1348
f 1383 	1382 	1348
f 1384 	1383 	1348
f 1385 	1384 	1348
f 1386 	1385 	1348
f 1387 	1386 	1348
f 1388 	1387 	1348
f 1389 	1388 	1348
f 1390 	1389 	1348
f 1391 	1390 	1348
f 1392 	1391 	1348
f 1393 	1392 	1348
f 1394 	1393 	1348
f 1346 	1394 	1348
f 1297 	1298 	1297
f 1300 	1297 	1300
f 1301 	1300 	1301
f 1302 	1301 	1302
f 1303 	1302 	1303
f 1304 	1303 	1304
f 1305 	1304 	1305
f 1306 	1305 	1306
f 1307 	1306 	1307
f 1308 	1307 	1308
f 1309 	1308 	1309
f 1310 	1309 	1310
f 1311 	1310 	1311
f 1312 	1311 	1312
f 1313 	1312 	1313
f 1314 	1313 	1314
f 1315 	1314 	1315
f 1316 	1315 	1316
f 1317 	1316 	1317
f 1318 	1317 	1318
f 1319 	1318 	1319
f 1320 	1319 	1320
f 1321 	1320 	1321
f 1322 	1321 	1322
f 1323 	1322 	1323
f 1324 	1323 	1324
f 1325 	1324 	1325
f 1326 	1325 	1326
f 1327 	1326 	1327
f 1328 	1327 	1328
f 1329 	1328 	1329
f 1330 	1329 	1330
f 1331 	1330 	1331
f 1332 	1331 	1332
f 1333 	1332 	1333
f 1334 	1333 	1334
f 1335 	1334 	1335
f 1336 	1335 	1336
f 1337 	1336 	1337
f 1338 	1337 	1338
f 1339 	1338 	1339
f 1340 	1339 	1340
f 1341 	1340 	1341
f 1342 	1341 	1342
f 1343 	1342 	1343
f 1344 	1343 	1344
f 1345 	1344 	1345
f 1298 	1345 	1298
f 1297 	1298 	1347
f 1347 	1298 	1346
f 1300 	1297 	1349
f 1349 	1297 	1347
f 1301 	1300 	1350
f 1350 	1300 	1349
f 1302 	1301 	1351
f 1351 	1301 	1350
f 1303 	1302 	1352
f 1352 	1302 	1351
f 1304 	1303 	1353
f 1353 	1303 	1352
f 1305 	1304 	1354
f 1354 	1304 	1353
f 1306 	1305 	1355
f 1355 	1305 	1354
f 1307 	1306 	1356
f 1356 	1306 	1355
f 1308 	1307 	1357
f 1357 	1307 	1356
f 1309 	1308 	1358
f 1358 	1308 	1357
f 1310 	1309 	1359
f 1359 	1309 	1358
f 1311 	1310 	1360
f 1360 	1310 	1359
f 1312 	1311 	1361
f 1361 	1311 	1360
f 1313 	1312 	1362
f 1362 	1312 	1361
f 1314 	1313 	1363
f 1363 	1313 	1362
f 1315 	1314 	1364
f 1364 	1314 	1363
f 1316 	1315 	1365
f 1365 	1315 	1364
f 1317 	1316 	1366
f 1366 	1316 	1365
f 1318 	1317 	1367
f 1367 	1317 	1366
f 1319 	1318 	1368
f 1368 	1318 	1367
f 1320 	1319 	1369
f 1369 	1319 	1368
f 1321 	1320 	1370
f 1370 	1320 	1369
f 1322 	1321 	1371
f 1371 	1321 	1370
f 1323 	1322 	1372
f 1372 	1322 	1371
f 1324 	1323 	1373
f 1373 	1323 	1372
f 1325 	1324 	1374
f 1374 	1324 	1373
f 1326 	1325 	1375
f 1375 	1325 	1374
f 1327 	1326 	1376
f 1376 	1326 	1375
f 1328 	1327 	1377
f 1377 	1327 	1376
f 1329 	1328 	1378
f 1378 	1328 	1377
f 1330 	1329 	1379
f 1379 	1329 	1378
f 1331 	1330 	1380
f 1380 	1330 	1379
f 1332 	1331 	1381
f 1381 	1331 	1380
f 1333 	1332 	1382
f 1382 	1332 	1381
f 1334 	1333 	1383
f 1383 	1333 	1382
f 1335 	1334 	1384
f 1384 	1334 	1383
f 1336 	1335 	1385
f 1385 	1335 	1384
f 1337 	1336 	1386
f 1386 	1336 	1385
f 1338 	1337 	1387
f 1387 	1337 	1386
f 1339 	1338 	1388
f 1388 	1338 	1387
f 1340 	1339 	1389
f 1389 	1339 	1388
f 1341 	1340 	1390
f 1390 	1340 	1389
f 1342 	1341 	1391
f 1391 	1341 	1390
f 1343 	1342 	1392
f 1392 	1342 	1391
f 1344 	1343 	1393
f 1393 	1343 	1392
f 1345 	1344 	1394
f 1394 	1344 	1393
f 1298 	1345 	1346
f 1346 	1345 	1394
f 1347 	1346 	1347
f 1349 	1347 	1349
f 1350 	1349 	1350
f 1351 	1350 	1351
f 1352 	1351 	1352
f 1353 	1352 	1353
f 1354 	1353 	1354
f 1355 	1354 	1355
f 1356 	1355 	1356
f 1357 	1356 	1357
f 1358 	1357 	1358
f 1359 	1358 	1359
f 1360 	1359 	1360
f 1361 	1360 	1361
f 1362 	1361 	1362
f 1363 	1362 	1363
f 1364 	1363 	1364
f 1365 	1364 	1365
f 1366 	1365 	1366
f 1367 	1366 	1367
f 1368 	1367 	1368
f 1369 	1368 	1369
f 1370 	1369 	1370
f 1371 	1370 	1371
f 1372 	1371 	1372
f 1373 	1372 	1373
f 1374 	1373 	1374
f 1375 	1374 	1375
f 1376 	1375 	1376
f 1377 	1376 	1377
f 1378 	1377 	1378
f 1379 	1378 	1379
f 1380 	1379 	1380
f 1381 	1380 	1381
f 1382 	1381 	1382
f 1383 	1382 	1383
f 1384 	1383 	1384
f 1385 	1384 	1385
f 1386 	1385 	1386
f 1387 	1386 	1387
f 1388 	1387 	1388
f 1389 	1388 	1389
f 1390 	1389 	1390
f 1391 	1390 	1391
f 1392 	1391 	1392
f 1393 	1392 	1393
f 1394 	1393 	1394
f 1346 	1394 	1346
# 288 faces

 #end of obj_8

o obj_9
v -35.071 		-8 		6
v -37 		-8 		6.067
v -36.8777 		-8 		9
v -35.0703 		-8 		6.0015
v -35.0708 		-8 		6.0004
v -35.0683 		-8 		6.0058
v -35.0694 		-8 		6.0033
v -35.0651 		-8 		6.0129
v -35.0668 		-8 		6.009
v -35.061 		-8 		6.0226
v -35.0632 		-8 		6.0174
v -35.0562 		-8 		6.0348
v -35.0587 		-8 		6.0284
v -35.0507 		-8 		6.0494
v -35.0535 		-8 		6.0418
v -35.0447 		-8 		6.0663
v -35.0477 		-8 		6.0576
v -35.0386 		-8 		6.0853
v -35.0417 		-8 		6.0755
v -35.0323 		-8 		6.1064
v -35.0354 		-8 		6.0956
v -35.0261 		-8 		6.1294
v -35.0292 		-8 		6.1176
v -35.0202 		-8 		6.1541
v -35.0231 		-8 		6.1415
v -35.0147 		-8 		6.1806
v -35.0174 		-8 		6.1672
v -35.0099 		-8 		6.2086
v -35.0122 		-8 		6.1944
v -35.0058 		-8 		6.2381
v -35.0077 		-8 		6.2232
v -35.0027 		-8 		6.2689
v -35.0041 		-8 		6.2534
v -35.0007 		-8 		6.301
v -35.0015 		-8 		6.2848
v -35 		-8 		6.3341
v -35.0002 		-8 		6.3174
v -35.0008 		-8 		6.3682
v -35.0002 		-8 		6.351
v -35.0033 		-8 		6.4031
v -35.0018 		-8 		6.3856
v -35.0076 		-8 		6.4388
v -35.0052 		-8 		6.4209
v -35.0139 		-8 		6.4751
v -35.0105 		-8 		6.4569
v -35.0223 		-8 		6.5119
v -35.0178 		-8 		6.4935
v -35.0332 		-8 		6.5491
v -35.0275 		-8 		6.5305
v -35.0465 		-8 		6.5866
v -35.0395 		-8 		6.5679
v -35.0799 		-8 		6.8694
v -35.0619 		-8 		6.731
v -35.1232 		-8 		7.1291
v -35.1003 		-8 		7.0021
v -35.1756 		-8 		7.3667
v -35.1484 		-8 		7.2506
v -35.236 		-8 		7.5832
v -35.2049 		-8 		7.4775
v -35.3034 		-8 		7.7795
v -35.2689 		-8 		7.6838
v -35.3768 		-8 		7.9566
v -35.3394 		-8 		7.8704
v -35.4551 		-8 		8.1155
v -35.4154 		-8 		8.0383
v -35.5373 		-8 		8.2572
v -35.4958 		-8 		8.1885
v -35.6225 		-8 		8.3828
v -35.5796 		-8 		8.322
v -35.7095 		-8 		8.493
v -35.6658 		-8 		8.4397
v -35.7975 		-8 		8.5891
v -35.7534 		-8 		8.5428
v -35.8852 		-8 		8.6718
v -35.8414 		-8 		8.632
v -35.9718 		-8 		8.7423
v -35.9287 		-8 		8.7085
v -36.0563 		-8 		8.8015
v -36.0144 		-8 		8.7733
v -36.1375 		-8 		8.8504
v -36.0973 		-8 		8.8272
v -36.2145 		-8 		8.89
v -36.1766 		-8 		8.8713
v -36.2863 		-8 		8.9212
v -36.2511 		-8 		8.9065
v -36.3518 		-8 		8.945
v -36.3199 		-8 		8.934
v -36.41 		-8 		8.9625
v -36.3818 		-8 		8.9545
v -36.4599 		-8 		8.9746
v -36.436 		-8 		8.9692
v -36.5005 		-8 		8.9823
v -36.4814 		-8 		8.979
v -36.5308 		-8 		8.9866
v -36.517 		-8 		8.9848
v -36.5497 		-8 		8.9885
v -36.5417 		-8 		8.9878
v -36.5562 		-8 		8.9888
v -36.5545 		-8 		8.9888
v -36.8777 		-9 		9
v -37 		-9 		6.067
v -35.071 		-9 		6
v -35.0708 		-9 		6.0004
v -35.0703 		-9 		6.0015
v -35.0694 		-9 		6.0033
v -35.0683 		-9 		6.0058
v -35.0668 		-9 		6.009
v -35.0651 		-9 		6.0129
v -35.0632 		-9 		6.0174
v -35.061 		-9 		6.0226
v -35.0587 		-9 		6.0284
v -35.0562 		-9 		6.0348
v -35.0535 		-9 		6.0418
v -35.0507 		-9 		6.0494
v -35.0477 		-9 		6.0576
v -35.0447 		-9 		6.0663
v -35.0417 		-9 		6.0755
v -35.0386 		-9 		6.0853
v -35.0354 		-9 		6.0956
v -35.0323 		-9 		6.1064
v -35.0292 		-9 		6.1176
v -35.0261 		-9 		6.1294
v -35.0231 		-9 		6.1415
v -35.0202 		-9 		6.1541
v -35.0174 		-9 		6.1672
v -35.0147 		-9 		6.1806
v -35.0122 		-9 		6.1944
v -35.0099 		-9 		6.2086
v -35.0077 		-9 		6.2232
v -35.0058 		-9 		6.2381
v -35.0041 		-9 		6.2534
v -35.0027 		-9 		6.2689
v -35.0015 		-9 		6.2848
v -35.0007 		-9 		6.301
v -35.0002 		-9 		6.3174
v -35 		-9 		6.3341
v -35.0002 		-9 		6.351
v -35.0008 		-9 		6.3682
v -35.0018 		-9 		6.3856
v -35.0033 		-9 		6.4031
v -35.0052 		-9 		6.4209
v -35.0076 		-9 		6.4388
v -35.0105 		-9 		6.4569
v -35.0139 		-9 		6.4751
v -35.0178 		-9 		6.4935
v -35.0223 		-9 		6.5119
v -35.0275 		-9 		6.5305
v -35.0332 		-9 		6.5491
v -35.0395 		-9 		6.5679
v -35.0465 		-9 		6.5866
v -35.0619 		-9 		6.731
v -35.0799 		-9 		6.8694
v -35.1003 		-9 		7.0021
v -35.1232 		-9 		7.1291
v -35.1484 		-9 		7.2506
v -35.1756 		-9 		7.3667
v -35.2049 		-9 		7.4775
v -35.236 		-9 		7.5832
v -35.2689 		-9 		7.6838
v -35.3034 		-9 		7.7795
v -35.3394 		-9 		7.8704
v -35.3768 		-9 		7.9566
v -35.4154 		-9 		8.0383
v -35.4551 		-9 		8.1155
v -35.4958 		-9 		8.1885
v -35.5373 		-9 		8.2572
v -35.5796 		-9 		8.322
v -35.6225 		-9 		8.3828
v -35.6658 		-9 		8.4397
v -35.7095 		-9 		8.493
v -35.7534 		-9 		8.5428
v -35.7975 		-9 		8.5891
v -35.8414 		-9 		8.632
v -35.8852 		-9 		8.6718
v -35.9287 		-9 		8.7085
v -35.9718 		-9 		8.7423
v -36.0144 		-9 		8.7733
v -36.0563 		-9 		8.8015
v -36.0973 		-9 		8.8272
v -36.1375 		-9 		8.8504
v -36.1766 		-9 		8.8713
v -36.2145 		-9 		8.89
v -36.2511 		-9 		8.9065
v -36.2863 		-9 		8.9212
v -36.3199 		-9 		8.934
v -36.3518 		-9 		8.945
v -36.3818 		-9 		8.9545
v -36.41 		-9 		8.9625
v -36.436 		-9 		8.9692
v -36.4599 		-9 		8.9746
v -36.4814 		-9 		8.979
v -36.5005 		-9 		8.9823
v -36.517 		-9 		8.9848
v -36.5308 		-9 		8.9866
v -36.5417 		-9 		8.9878
v -36.5497 		-9 		8.9885
v -36.5545 		-9 		8.9888
v -36.5562 		-9 		8.9888
# 198 vertices

g group_9_2829873

usemtl color_2829873
s 0

f 1395 	1396 	1397
f 1398 	1399 	1395
f 1400 	1401 	1398
f 1402 	1403 	1400
f 1404 	1405 	1402
f 1406 	1407 	1404
f 1408 	1409 	1406
f 1410 	1411 	1408
f 1412 	1413 	1410
f 1414 	1415 	1412
f 1416 	1417 	1414
f 1418 	1419 	1416
f 1420 	1421 	1418
f 1422 	1423 	1420
f 1424 	1425 	1422
f 1426 	1427 	1424
f 1428 	1429 	1426
f 1430 	1431 	1428
f 1432 	1433 	1430
f 1434 	1435 	1432
f 1436 	1437 	1434
f 1438 	1439 	1436
f 1440 	1441 	1438
f 1442 	1443 	1440
f 1444 	1445 	1442
f 1446 	1447 	1444
f 1448 	1449 	1446
f 1450 	1451 	1448
f 1452 	1453 	1450
f 1454 	1455 	1452
f 1456 	1457 	1454
f 1458 	1459 	1456
f 1460 	1461 	1458
f 1462 	1463 	1460
f 1464 	1465 	1462
f 1466 	1467 	1464
f 1468 	1469 	1466
f 1470 	1471 	1468
f 1472 	1473 	1470
f 1474 	1475 	1472
f 1476 	1477 	1474
f 1478 	1479 	1476
f 1480 	1481 	1478
f 1482 	1483 	1480
f 1484 	1485 	1482
f 1486 	1487 	1484
f 1488 	1489 	1486
f 1490 	1491 	1488
f 1492 	1493 	1490
f 1395 	1397 	1492
f 1400 	1398 	1395
f 1404 	1402 	1400
f 1408 	1406 	1404
f 1412 	1410 	1408
f 1416 	1414 	1412
f 1420 	1418 	1416
f 1424 	1422 	1420
f 1428 	1426 	1424
f 1432 	1430 	1428
f 1436 	1434 	1432
f 1440 	1438 	1436
f 1444 	1442 	1440
f 1448 	1446 	1444
f 1452 	1450 	1448
f 1456 	1454 	1452
f 1460 	1458 	1456
f 1464 	1462 	1460
f 1468 	1466 	1464
f 1472 	1470 	1468
f 1476 	1474 	1472
f 1480 	1478 	1476
f 1484 	1482 	1480
f 1488 	1486 	1484
f 1492 	1490 	1488
f 1400 	1395 	1492
f 1408 	1404 	1400
f 1416 	1412 	1408
f 1424 	1420 	1416
f 1432 	1428 	1424
f 1440 	1436 	1432
f 1452 	1448 	1444
f 1460 	1456 	1452
f 1468 	1464 	1460
f 1476 	1472 	1468
f 1484 	1480 	1476
f 1492 	1488 	1484
f 1408 	1400 	1492
f 1424 	1416 	1408
f 1440 	1432 	1424
f 1460 	1452 	1444
f 1476 	1468 	1460
f 1492 	1484 	1476
f 1424 	1408 	1492
f 1444 	1440 	1424
f 1476 	1460 	1444
f 1424 	1492 	1476
f 1476 	1444 	1424
f 1494 	1495 	1496
f 1496 	1497 	1498
f 1498 	1499 	1500
f 1500 	1501 	1502
f 1502 	1503 	1504
f 1504 	1505 	1506
f 1506 	1507 	1508
f 1508 	1509 	1510
f 1510 	1511 	1512
f 1512 	1513 	1514
f 1514 	1515 	1516
f 1516 	1517 	1518
f 1518 	1519 	1520
f 1520 	1521 	1522
f 1522 	1523 	1524
f 1524 	1525 	1526
f 1526 	1527 	1528
f 1528 	1529 	1530
f 1530 	1531 	1532
f 1532 	1533 	1534
f 1534 	1535 	1536
f 1536 	1537 	1538
f 1538 	1539 	1540
f 1540 	1541 	1542
f 1542 	1543 	1544
f 1544 	1545 	1546
f 1546 	1547 	1548
f 1548 	1549 	1550
f 1550 	1551 	1552
f 1552 	1553 	1554
f 1554 	1555 	1556
f 1556 	1557 	1558
f 1558 	1559 	1560
f 1560 	1561 	1562
f 1562 	1563 	1564
f 1564 	1565 	1566
f 1566 	1567 	1568
f 1568 	1569 	1570
f 1570 	1571 	1572
f 1572 	1573 	1574
f 1574 	1575 	1576
f 1576 	1577 	1578
f 1578 	1579 	1580
f 1580 	1581 	1582
f 1582 	1583 	1584
f 1584 	1585 	1586
f 1586 	1587 	1588
f 1588 	1589 	1590
f 1590 	1591 	1592
f 1592 	1494 	1496
f 1496 	1498 	1500
f 1500 	1502 	1504
f 1504 	1506 	1508
f 1508 	1510 	1512
f 1512 	1514 	1516
f 1516 	1518 	1520
f 1520 	1522 	1524
f 1524 	1526 	1528
f 1528 	1530 	1532
f 1532 	1534 	1536
f 1536 	1538 	1540
f 1540 	1542 	1544
f 1544 	1546 	1548
f 1548 	1550 	1552
f 1552 	1554 	1556
f 1556 	1558 	1560
f 1560 	1562 	1564
f 1564 	1566 	1568
f 1568 	1570 	1572
f 1572 	1574 	1576
f 1576 	1578 	1580
f 1580 	1582 	1584
f 1584 	1586 	1588
f 1588 	1590 	1592
f 1592 	1496 	1500
f 1500 	1504 	1508
f 1508 	1512 	1516
f 1516 	1520 	1524
f 1524 	1528 	1532
f 1532 	1536 	1540
f 1544 	1548 	1552
f 1552 	1556 	1560
f 1560 	1564 	1568
f 1568 	1572 	1576
f 1576 	1580 	1584
f 1584 	1588 	1592
f 1592 	1500 	1508
f 1508 	1516 	1524
f 1524 	1532 	1540
f 1544 	1552 	1560
f 1560 	1568 	1576
f 1576 	1584 	1592
f 1592 	1508 	1524
f 1524 	1540 	1544
f 1544 	1560 	1576
f 1576 	1592 	1524
f 1524 	1544 	1576
f 1395 	1399 	1496
f 1399 	1497 	1496
f 1399 	1398 	1497
f 1398 	1498 	1497
f 1398 	1401 	1498
f 1401 	1499 	1498
f 1401 	1400 	1499
f 1400 	1500 	1499
f 1400 	1403 	1500
f 1403 	1501 	1500
f 1403 	1402 	1501
f 1402 	1502 	1501
f 1402 	1405 	1502
f 1405 	1503 	1502
f 1405 	1404 	1503
f 1404 	1504 	1503
f 1404 	1407 	1504
f 1407 	1505 	1504
f 1407 	1406 	1505
f 1406 	1506 	1505
f 1406 	1409 	1506
f 1409 	1507 	1506
f 1409 	1408 	1507
f 1408 	1508 	1507
f 1408 	1411 	1508
f 1411 	1509 	1508
f 1411 	1410 	1509
f 1410 	1510 	1509
f 1410 	1413 	1510
f 1413 	1511 	1510
f 1413 	1412 	1511
f 1412 	1512 	1511
f 1412 	1415 	1512
f 1415 	1513 	1512
f 1415 	1414 	1513
f 1414 	1514 	1513
f 1414 	1417 	1514
f 1417 	1515 	1514
f 1417 	1416 	1515
f 1416 	1516 	1515
f 1416 	1419 	1516
f 1419 	1517 	1516
f 1419 	1418 	1517
f 1418 	1518 	1517
f 1418 	1421 	1518
f 1421 	1519 	1518
f 1421 	1420 	1519
f 1420 	1520 	1519
f 1420 	1423 	1520
f 1423 	1521 	1520
f 1423 	1422 	1521
f 1422 	1522 	1521
f 1422 	1425 	1522
f 1425 	1523 	1522
f 1425 	1424 	1523
f 1424 	1524 	1523
f 1424 	1427 	1524
f 1427 	1525 	1524
f 1427 	1426 	1525
f 1426 	1526 	1525
f 1426 	1429 	1526
f 1429 	1527 	1526
f 1429 	1428 	1527
f 1428 	1528 	1527
f 1428 	1431 	1528
f 1431 	1529 	1528
f 1431 	1430 	1529
f 1430 	1530 	1529
f 1430 	1433 	1530
f 1433 	1531 	1530
f 1433 	1432 	1531
f 1432 	1532 	1531
f 1432 	1435 	1532
f 1435 	1533 	1532
f 1435 	1434 	1533
f 1434 	1534 	1533
f 1434 	1437 	1534
f 1437 	1535 	1534
f 1437 	1436 	1535
f 1436 	1536 	1535
f 1436 	1439 	1536
f 1439 	1537 	1536
f 1439 	1438 	1537
f 1438 	1538 	1537
f 1438 	1441 	1538
f 1441 	1539 	1538
f 1441 	1440 	1539
f 1440 	1540 	1539
f 1440 	1443 	1540
f 1443 	1541 	1540
f 1443 	1442 	1541
f 1442 	1542 	1541
f 1442 	1445 	1542
f 1445 	1543 	1542
f 1445 	1444 	1543
f 1444 	1544 	1543
f 1444 	1447 	1544
f 1447 	1545 	1544
f 1447 	1446 	1545
f 1446 	1546 	1545
f 1446 	1449 	1546
f 1449 	1547 	1546
f 1449 	1448 	1547
f 1448 	1548 	1547
f 1448 	1451 	1548
f 1451 	1549 	1548
f 1451 	1450 	1549
f 1450 	1550 	1549
f 1450 	1453 	1550
f 1453 	1551 	1550
f 1453 	1452 	1551
f 1452 	1552 	1551
f 1452 	1455 	1552
f 1455 	1553 	1552
f 1455 	1454 	1553
f 1454 	1554 	1553
f 1454 	1457 	1554
f 1457 	1555 	1554
f 1457 	1456 	1555
f 1456 	1556 	1555
f 1456 	1459 	1556
f 1459 	1557 	1556
f 1459 	1458 	1557
f 1458 	1558 	1557
f 1458 	1461 	1558
f 1461 	1559 	1558
f 1461 	1460 	1559
f 1460 	1560 	1559
f 1460 	1463 	1560
f 1463 	1561 	1560
f 1463 	1462 	1561
f 1462 	1562 	1561
f 1462 	1465 	1562
f 1465 	1563 	1562
f 1465 	1464 	1563
f 1464 	1564 	1563
f 1464 	1467 	1564
f 1467 	1565 	1564
f 1467 	1466 	1565
f 1466 	1566 	1565
f 1466 	1469 	1566
f 1469 	1567 	1566
f 1469 	1468 	1567
f 1468 	1568 	1567
f 1468 	1471 	1568
f 1471 	1569 	1568
f 1471 	1470 	1569
f 1470 	1570 	1569
f 1470 	1473 	1570
f 1473 	1571 	1570
f 1473 	1472 	1571
f 1472 	1572 	1571
f 1472 	1475 	1572
f 1475 	1573 	1572
f 1475 	1474 	1573
f 1474 	1574 	1573
f 1474 	1477 	1574
f 1477 	1575 	1574
f 1477 	1476 	1575
f 1476 	1576 	1575
f 1476 	1479 	1576
f 1479 	1577 	1576
f 1479 	1478 	1577
f 1478 	1578 	1577
f 1478 	1481 	1578
f 1481 	1579 	1578
f 1481 	1480 	1579
f 1480 	1580 	1579
f 1480 	1483 	1580
f 1483 	1581 	1580
f 1483 	1482 	1581
f 1482 	1582 	1581
f 1482 	1485 	1582
f 1485 	1583 	1582
f 1485 	1484 	1583
f 1484 	1584 	1583
f 1484 	1487 	1584
f 1487 	1585 	1584
f 1487 	1486 	1585
f 1486 	1586 	1585
f 1486 	1489 	1586
f 1489 	1587 	1586
f 1489 	1488 	1587
f 1488 	1588 	1587
f 1488 	1491 	1588
f 1491 	1589 	1588
f 1491 	1490 	1589
f 1490 	1590 	1589
f 1490 	1493 	1590
f 1493 	1591 	1590
f 1493 	1492 	1591
f 1492 	1592 	1591
f 1492 	1397 	1592
f 1397 	1494 	1592
f 1397 	1396 	1494
f 1396 	1495 	1494
f 1396 	1395 	1495
f 1395 	1496 	1495
# 392 faces

 #end of obj_9

